id,State,City,Forecast Number,Date,Main Condition,Condition Description,Icon,Low Temperature,High Temperature,Humidity Percentage,Wind MPH,Wind Direction,Rain Inches,Snow Inches,Pressure,Cloud Percent,UTC Timestamp,Timezone Offset
1,Alaska,Anchorage,1,Wed 3/2,Clouds,broken clouds,http://openweathermap.org/img/wn/04d@2x.png,15.4,31.32,87,6,NE,0,0,1014,66,1646258400,-32400
2,Alaska,Anchorage,2,Thu 3/3,Clouds,overcast clouds,http://openweathermap.org/img/wn/04d@2x.png,18.91,32.27,84,7,N,0,0,1016,100,1646344800,-32400
3,Alaska,Anchorage,3,Fri 3/4,Clouds,overcast clouds,http://openweathermap.org/img/wn/04d@2x.png,21.65,32.7,87,5,NE,0,0,1016,100,1646431200,-32400
4,Alaska,Anchorage,4,Sat 3/5,Snow,snow,http://openweathermap.org/img/wn/13d@2x.png,26.76,31.89,96,10,N,0,11.2,1012,100,1646517600,-32400
5,Alaska,Anchorage,5,Sun 3/6,Snow,light snow,http://openweathermap.org/img/wn/13d@2x.png,12.78,30.31,85,6,NW,0,0.77,1031,6,1646604000,-32400
6,Alaska,Fairbanks,1,Wed 3/2,Clouds,overcast clouds,http://openweathermap.org/img/wn/04d@2x.png,3.65,23.95,92,4,N,0,0,1015,94,1646258400,-32400
7,Alaska,Fairbanks,2,Thu 3/3,Clouds,broken clouds,http://openweathermap.org/img/wn/04d@2x.png,1.44,25.18,84,4,N,0,0,1017,66,1646344800,-32400
8,Alaska,Fairbanks,3,Fri 3/4,Clouds,overcast clouds,http://openweathermap.org/img/wn/04d@2x.png,3.7,30.85,81,5,N,0,0,1013,94,1646431200,-32400
9,Alaska,Fairbanks,4,Sat 3/5,Snow,light snow,http://openweathermap.org/img/wn/13d@2x.png,10.54,24.58,88,4,N,0,1.18,1015,99,1646517600,-32400
10,Alaska,Fairbanks,5,Sun 3/6,Snow,light snow,http://openweathermap.org/img/wn/13d@2x.png,8.2,25.52,89,7,SW,0,0.64,1032,100,1646604000,-32400
11,Alaska,Juneau,1,Wed 3/2,Snow,rain and snow,http://openweathermap.org/img/wn/13d@2x.png,27.41,37.76,98,4,S,0.38,3.2,1018,100,1646254800,-32400
12,Alaska,Juneau,2,Thu 3/3,Clouds,overcast clouds,http://openweathermap.org/img/wn/04d@2x.png,27.9,34.88,76,5,NE,0,0,1021,100,1646341200,-32400
13,Alaska,Juneau,3,Fri 3/4,Clouds,overcast clouds,http://openweathermap.org/img/wn/04d@2x.png,29.37,37.44,87,4,NE,0,0,1026,92,1646427600,-32400
14,Alaska,Juneau,4,Sat 3/5,Snow,snow,http://openweathermap.org/img/wn/13d@2x.png,30.81,36.52,95,6,E,0,5.55,1028,100,1646514000,-32400
15,Alaska,Juneau,5,Sun 3/6,Snow,rain and snow,http://openweathermap.org/img/wn/13d@2x.png,36.84,40.08,99,9,SE,8.69,3.76,1025,100,1646600400,-32400
16,Colorado,Denver/Boulder,1,Wed 3/2,Clouds,overcast clouds,http://openweathermap.org/img/wn/04d@2x.png,40.62,63.68,30,11,SW,0,0,1016,98,1646247600,-25200
17,Colorado,Denver/Boulder,2,Thu 3/3,Clouds,overcast clouds,http://openweathermap.org/img/wn/04d@2x.png,43.3,60.21,30,10,SW,0,0,1013,100,1646334000,-25200
18,Colorado,Denver/Boulder,3,Fri 3/4,Rain,light rain,http://openweathermap.org/img/wn/10d@2x.png,44.55,58.28,34,10,SW,1.66,0,1003,100,1646420400,-25200
19,Colorado,Denver/Boulder,4,Sat 3/5,Snow,rain and snow,http://openweathermap.org/img/wn/13d@2x.png,25.81,41.54,68,10,NE,1.18,7.02,1004,100,1646506800,-25200
20,Colorado,Denver/Boulder,5,Sun 3/6,Snow,snow,http://openweathermap.org/img/wn/13d@2x.png,20.52,26.67,92,7,NE,0,10.79,1022,100,1646593200,-25200
21,Colorado,Grand Junction,1,Wed 3/2,Clouds,scattered clouds,http://openweathermap.org/img/wn/03d@2x.png,35.78,54.32,51,4,E,0,0,1024,36,1646247600,-25200
22,Colorado,Grand Junction,2,Thu 3/3,Clouds,overcast clouds,http://openweathermap.org/img/wn/04d@2x.png,40.86,59.04,35,5,E,0,0,1017,100,1646334000,-25200
23,Colorado,Grand Junction,3,Fri 3/4,Rain,light rain,http://openweathermap.org/img/wn/10d@2x.png,41.41,58.08,57,13,SE,2.09,0,1009,100,1646420400,-25200
24,Colorado,Grand Junction,4,Sat 3/5,Snow,rain and snow,http://openweathermap.org/img/wn/13d@2x.png,36.32,47.46,69,9,S,1.68,1.23,1009,98,1646506800,-25200
25,Colorado,Grand Junction,5,Sun 3/6,Snow,rain and snow,http://openweathermap.org/img/wn/13d@2x.png,33.69,43.72,57,11,W,0.24,0.93,1008,86,1646593200,-25200
26,Colorado,Pueblo,1,Wed 3/2,Clear,sky is clear,http://openweathermap.org/img/wn/01d@2x.png,40.75,70.02,20,7,W,0,0,1017,4,1646247600,-25200
27,Colorado,Pueblo,2,Thu 3/3,Clouds,broken clouds,http://openweathermap.org/img/wn/04d@2x.png,45.18,71.69,16,11,SW,0,0,1013,60,1646334000,-25200
28,Colorado,Pueblo,3,Fri 3/4,Rain,light rain,http://openweathermap.org/img/wn/10d@2x.png,47.8,63.97,25,10,SW,0.12,0,1005,100,1646420400,-25200
29,Colorado,Pueblo,4,Sat 3/5,Clouds,broken clouds,http://openweathermap.org/img/wn/04d@2x.png,35.74,58.93,22,21,W,0,0,1001,79,1646506800,-25200
30,Colorado,Pueblo,5,Sun 3/6,Snow,snow,http://openweathermap.org/img/wn/13d@2x.png,27.48,32.49,85,11,E,0,7.68,1019,100,1646593200,-25200
31,Illinois,Chicago,1,Wed 3/2,Rain,light rain,http://openweathermap.org/img/wn/10d@2x.png,32.18,51.06,56,12,N,0.18,0,1017,59,1646244000,-21600
32,Illinois,Chicago,2,Thu 3/3,Clouds,broken clouds,http://openweathermap.org/img/wn/04d@2x.png,29.48,35.51,40,10,N,0,0,1030,78,1646330400,-21600
33,Illinois,Chicago,3,Fri 3/4,Clouds,overcast clouds,http://openweathermap.org/img/wn/04d@2x.png,29.32,44.15,35,9,SE,0,0,1028,100,1646416800,-21600
34,Illinois,Chicago,4,Sat 3/5,Rain,light rain,http://openweathermap.org/img/wn/10d@2x.png,40.05,66.42,67,22,S,0.47,0,1011,68,1646503200,-21600
35,Illinois,Chicago,5,Sun 3/6,Rain,light rain,http://openweathermap.org/img/wn/10d@2x.png,42.98,61.68,53,26,S,0.89,0,1014,16,1646589600,-21600
36,Illinois,Lincoln,1,Wed 3/2,Clouds,broken clouds,http://openweathermap.org/img/wn/04d@2x.png,35.19,66.4,46,14,N,0,0,1016,60,1646244000,-21600
37,Illinois,Lincoln,2,Thu 3/3,Clouds,broken clouds,http://openweathermap.org/img/wn/04d@2x.png,33.62,43.38,54,12,N,0,0,1029,83,1646330400,-21600
38,Illinois,Lincoln,3,Fri 3/4,Clouds,overcast clouds,http://openweathermap.org/img/wn/04d@2x.png,31.35,50.88,56,13,SE,0,0,1025,97,1646416800,-21600
39,Illinois,Lincoln,4,Sat 3/5,Rain,light rain,http://openweathermap.org/img/wn/10d@2x.png,48.02,68.36,62,24,S,0.68,0,1011,100,1646503200,-21600
40,Illinois,Lincoln,5,Sun 3/6,Rain,light rain,http://openweathermap.org/img/wn/10d@2x.png,46.53,63.84,51,25,SW,0.98,0,1017,20,1646589600,-21600
41,Indiana,Indianapolis,1,Wed 3/2,Clear,sky is clear,http://openweathermap.org/img/wn/01d@2x.png,34.39,62.08,45,11,SW,0,0,1019,10,1646240400,-18000
42,Indiana,Indianapolis,2,Thu 3/3,Clouds,overcast clouds,http://openweathermap.org/img/wn/04d@2x.png,35.08,45.46,48,11,N,0,0,1028,90,1646326800,-18000
43,Indiana,Indianapolis,3,Fri 3/4,Clouds,broken clouds,http://openweathermap.org/img/wn/04d@2x.png,31.96,48.9,38,8,E,0,0,1028,82,1646413200,-18000
44,Indiana,Indianapolis,4,Sat 3/5,Clouds,broken clouds,http://openweathermap.org/img/wn/04d@2x.png,44.24,66.96,52,19,S,0,0,1016,51,1646499600,-18000
45,Indiana,Indianapolis,5,Sun 3/6,Rain,light rain,http://openweathermap.org/img/wn/10d@2x.png,55.58,65.82,57,18,S,2.99,0,1015,84,1646586000,-18000
46,Indiana,Northern Indiana,1,Wed 3/2,Rain,light rain,http://openweathermap.org/img/wn/10d@2x.png,26.46,47.8,58,14,NW,0.73,0,1018,47,1646240400,-18000
47,Indiana,Northern Indiana,2,Thu 3/3,Clouds,overcast clouds,http://openweathermap.org/img/wn/04d@2x.png,24.64,34.9,41,13,N,0,0,1030,100,1646326800,-18000
48,Indiana,Northern Indiana,3,Fri 3/4,Clouds,overcast clouds,http://openweathermap.org/img/wn/04d@2x.png,27.34,42.87,33,10,E,0,0,1029,99,1646413200,-18000
49,Indiana,Northern Indiana,4,Sat 3/5,Clouds,broken clouds,http://openweathermap.org/img/wn/04d@2x.png,35.26,64.26,67,22,S,0,0,1014,70,1646499600,-18000
50,Indiana,Northern Indiana,5,Sun 3/6,Rain,light rain,http://openweathermap.org/img/wn/10d@2x.png,41.68,61.16,53,28,SW,2.27,0,1013,36,1646586000,-18000
51,Iowa,Davenport/Quad Cities,1,Wed 3/2,Clouds,broken clouds,http://openweathermap.org/img/wn/04d@2x.png,32.83,56.01,62,14,N,0,0,1016,59,1646244000,-21600
52,Iowa,Davenport/Quad Cities,2,Thu 3/3,Clouds,overcast clouds,http://openweathermap.org/img/wn/04d@2x.png,28.33,38.61,45,11,N,0,0,1030,100,1646330400,-21600
53,Iowa,Davenport/Quad Cities,3,Fri 3/4,Clouds,overcast clouds,http://openweathermap.org/img/wn/04d@2x.png,29.61,47.01,51,14,E,0,0,1024,100,1646416800,-21600
54,Iowa,Davenport/Quad Cities,4,Sat 3/5,Rain,light rain,http://openweathermap.org/img/wn/10d@2x.png,45.99,67.59,66,24,S,2.48,0,1007,88,1646503200,-21600
55,Iowa,Davenport/Quad Cities,5,Sun 3/6,Rain,light rain,http://openweathermap.org/img/wn/10d@2x.png,36.43,61.45,61,28,S,0.7,0,1017,46,1646589600,-21600
56,Iowa,Des Moines,1,Wed 3/2,Clouds,scattered clouds,http://openweathermap.org/img/wn/03d@2x.png,34.41,61.65,54,15,N,0,0,1016,42,1646244000,-21600
57,Iowa,Des Moines,2,Thu 3/3,Snow,light snow,http://openweathermap.org/img/wn/13d@2x.png,29.84,40.39,63,12,N,0,0.15,1030,93,1646330400,-21600
58,Iowa,Des Moines,3,Fri 3/4,Rain,light rain,http://openweathermap.org/img/wn/10d@2x.png,31.71,57.56,67,17,SE,0.2,0,1018,100,1646416800,-21600
59,Iowa,Des Moines,4,Sat 3/5,Rain,light rain,http://openweathermap.org/img/wn/10d@2x.png,53.58,61.92,88,22,S,7.12,0,1003,93,1646503200,-21600
60,Iowa,Des Moines,5,Sun 3/6,Clouds,scattered clouds,http://openweathermap.org/img/wn/03d@2x.png,32.49,44.46,58,24,SW,0,0,1019,36,1646589600,-21600
61,Kansas,Dodge City,1,Wed 3/2,Clear,sky is clear,http://openweathermap.org/img/wn/01d@2x.png,42.31,78.33,10,12,S,0,0,1018,1,1646244000,-21600
62,Kansas,Dodge City,2,Thu 3/3,Clear,sky is clear,http://openweathermap.org/img/wn/01d@2x.png,50.77,75.88,12,18,SE,0,0,1016,0,1646330400,-21600
63,Kansas,Dodge City,3,Fri 3/4,Clouds,overcast clouds,http://openweathermap.org/img/wn/04d@2x.png,55.71,77.4,29,26,S,0,0,1006,92,1646416800,-21600
64,Kansas,Dodge City,4,Sat 3/5,Clear,sky is clear,http://openweathermap.org/img/wn/01d@2x.png,43.79,66.6,13,31,W,0,0,999,0,1646503200,-21600
65,Kansas,Dodge City,5,Sun 3/6,Snow,snow,http://openweathermap.org/img/wn/13d@2x.png,31.44,43.75,40,17,N,0,2.5,1018,63,1646589600,-21600
66,Kansas,Goodland,1,Wed 3/2,Clouds,scattered clouds,http://openweathermap.org/img/wn/03d@2x.png,35.4,71.56,22,11,NW,0,0,1018,40,1646244000,-25200
67,Kansas,Goodland,2,Thu 3/3,Clear,sky is clear,http://openweathermap.org/img/wn/01d@2x.png,46.56,74.28,12,18,SE,0,0,1015,2,1646330400,-25200
68,Kansas,Goodland,3,Fri 3/4,Rain,light rain,http://openweathermap.org/img/wn/10d@2x.png,49.75,74.17,16,16,S,0.17,0,1003,73,1646416800,-25200
69,Kansas,Goodland,4,Sat 3/5,Rain,light rain,http://openweathermap.org/img/wn/10d@2x.png,30.06,49.48,81,21,NW,0.23,0,1004,30,1646503200,-25200
70,Kansas,Goodland,5,Sun 3/6,Snow,light snow,http://openweathermap.org/img/wn/13d@2x.png,24.4,41.27,44,17,N,0,0.67,1020,32,1646589600,-25200
71,Kansas,Topeka,1,Wed 3/2,Clear,sky is clear,http://openweathermap.org/img/wn/01d@2x.png,42.62,81.59,11,15,SW,0,0,1015,2,1646244000,-21600
72,Kansas,Topeka,2,Thu 3/3,Clear,sky is clear,http://openweathermap.org/img/wn/01d@2x.png,41.31,63.19,46,16,NE,0,0,1024,1,1646330400,-21600
73,Kansas,Topeka,3,Fri 3/4,Clouds,overcast clouds,http://openweathermap.org/img/wn/04d@2x.png,44.71,68.77,46,26,S,0,0,1014,100,1646416800,-21600
74,Kansas,Topeka,4,Sat 3/5,Rain,light rain,http://openweathermap.org/img/wn/10d@2x.png,51.85,78.03,74,29,S,1.15,0,1002,100,1646503200,-21600
75,Kansas,Topeka,5,Sun 3/6,Rain,heavy intensity rain,http://openweathermap.org/img/wn/10d@2x.png,33.87,48.33,39,15,W,22.38,0,1019,69,1646589600,-21600
76,Kansas,Wichita,1,Wed 3/2,Clear,sky is clear,http://openweathermap.org/img/wn/01d@2x.png,39.4,77.09,17,12,SW,0,0,1018,1,1646244000,-21600
77,Kansas,Wichita,2,Thu 3/3,Clear,sky is clear,http://openweathermap.org/img/wn/01d@2x.png,49.89,74.93,23,13,SE,0,0,1019,0,1646330400,-21600
78,Kansas,Wichita,3,Fri 3/4,Clouds,overcast clouds,http://openweathermap.org/img/wn/04d@2x.png,54.82,69.66,58,23,SE,0,0,1012,100,1646416800,-21600
79,Kansas,Wichita,4,Sat 3/5,Clouds,broken clouds,http://openweathermap.org/img/wn/04d@2x.png,51.03,76.5,19,26,S,0,0,1002,81,1646503200,-21600
80,Kansas,Wichita,5,Sun 3/6,Rain,moderate rain,http://openweathermap.org/img/wn/10d@2x.png,35.65,46.09,44,16,N,8.34,0,1017,79,1646589600,-21600
81,Kentucky,Jackson,1,Wed 3/2,Clear,sky is clear,http://openweathermap.org/img/wn/01d@2x.png,44.98,64.44,57,8,SW,0,0,1019,0,1646240400,-18000
82,Kentucky,Jackson,2,Thu 3/3,Clouds,overcast clouds,http://openweathermap.org/img/wn/04d@2x.png,38.57,52.41,86,9,SW,0,0,1023,98,1646326800,-18000
83,Kentucky,Jackson,3,Fri 3/4,Clouds,scattered clouds,http://openweathermap.org/img/wn/03d@2x.png,32.86,59.47,52,6,NE,0,0,1027,39,1646413200,-18000
84,Kentucky,Jackson,4,Sat 3/5,Clouds,scattered clouds,http://openweathermap.org/img/wn/03d@2x.png,50.11,69.64,46,13,S,0,0,1023,40,1646499600,-18000
85,Kentucky,Jackson,5,Sun 3/6,Rain,light rain,http://openweathermap.org/img/wn/10d@2x.png,62.04,72.91,51,15,S,0.4,0,1019,89,1646586000,-18000
86,Kentucky,Louisville,1,Wed 3/2,Clouds,few clouds,http://openweathermap.org/img/wn/02d@2x.png,40.62,66.56,53,9,S,0,0,1019,11,1646240400,-18000
87,Kentucky,Louisville,2,Thu 3/3,Clouds,broken clouds,http://openweathermap.org/img/wn/04d@2x.png,39.18,55.38,66,11,SW,0,0,1025,65,1646326800,-18000
88,Kentucky,Louisville,3,Fri 3/4,Clouds,broken clouds,http://openweathermap.org/img/wn/04d@2x.png,33.37,56.28,54,7,NE,0,0,1027,82,1646413200,-18000
89,Kentucky,Louisville,4,Sat 3/5,Clear,sky is clear,http://openweathermap.org/img/wn/01d@2x.png,49.57,68.97,54,17,S,0,0,1020,9,1646499600,-18000
90,Kentucky,Louisville,5,Sun 3/6,Rain,moderate rain,http://openweathermap.org/img/wn/10d@2x.png,60.26,65.44,85,18,S,25.94,0,1018,96,1646586000,-18000
91,Kentucky,Paducah,1,Wed 3/2,Clear,sky is clear,http://openweathermap.org/img/wn/01d@2x.png,40.23,69.1,50,12,S,0,0,1020,0,1646244000,-21600
92,Kentucky,Paducah,2,Thu 3/3,Clear,sky is clear,http://openweathermap.org/img/wn/01d@2x.png,43.83,58.33,65,11,N,0,0,1024,2,1646330400,-21600
93,Kentucky,Paducah,3,Fri 3/4,Clouds,overcast clouds,http://openweathermap.org/img/wn/04d@2x.png,39.85,64.83,65,9,SE,0,0,1025,85,1646416800,-21600
94,Kentucky,Paducah,4,Sat 3/5,Rain,light rain,http://openweathermap.org/img/wn/10d@2x.png,52.92,69.46,66,20,S,0.31,0,1018,2,1646503200,-21600
95,Kentucky,Paducah,5,Sun 3/6,Rain,moderate rain,http://openweathermap.org/img/wn/10d@2x.png,62.89,65.5,93,20,S,21.09,0,1018,98,1646589600,-21600
96,Michigan,Detroit/Pontiac,1,Wed 3/2,Snow,rain and snow,http://openweathermap.org/img/wn/13d@2x.png,22.75,41.79,50,15,NW,1.01,0.17,1018,76,1646240400,-18000
97,Michigan,Detroit/Pontiac,2,Thu 3/3,Clouds,broken clouds,http://openweathermap.org/img/wn/04d@2x.png,18.63,26.76,40,14,NW,0,0,1030,74,1646326800,-18000
98,Michigan,Detroit/Pontiac,3,Fri 3/4,Clouds,overcast clouds,http://openweathermap.org/img/wn/04d@2x.png,23.22,37.81,30,7,S,0,0,1030,99,1646413200,-18000
99,Michigan,Detroit/Pontiac,4,Sat 3/5,Clouds,overcast clouds,http://openweathermap.org/img/wn/04d@2x.png,31.12,48.43,60,13,SE,0,0,1018,99,1646499600,-18000
100,Michigan,Detroit/Pontiac,5,Sun 3/6,Rain,light rain,http://openweathermap.org/img/wn/10d@2x.png,36.48,60.17,59,26,SW,3.74,0,1008,52,1646586000,-18000
101,Michigan,Gaylord,1,Wed 3/2,Snow,snow,http://openweathermap.org/img/wn/13d@2x.png,5.61,30.09,98,16,NW,0,3.5,1015,100,1646240400,-18000
102,Michigan,Gaylord,2,Thu 3/3,Snow,light snow,http://openweathermap.org/img/wn/13d@2x.png,-3.28,18.36,77,11,W,0,0.1,1031,45,1646326800,-18000
103,Michigan,Gaylord,3,Fri 3/4,Clouds,overcast clouds,http://openweathermap.org/img/wn/04d@2x.png,5.9,26.78,74,11,SW,0,0,1030,100,1646413200,-18000
104,Michigan,Gaylord,4,Sat 3/5,Snow,rain and snow,http://openweathermap.org/img/wn/13d@2x.png,23.02,34.56,93,17,E,4.17,8.65,1016,100,1646499600,-18000
105,Michigan,Gaylord,5,Sun 3/6,Snow,rain and snow,http://openweathermap.org/img/wn/13d@2x.png,26.13,43.16,94,21,SW,12.94,0.46,1004,100,1646586000,-18000
106,Michigan,Grand Rapids,1,Wed 3/2,Snow,light snow,http://openweathermap.org/img/wn/13d@2x.png,23.49,41.02,56,13,SW,0,1.2,1017,76,1646240400,-18000
107,Michigan,Grand Rapids,2,Thu 3/3,Clouds,overcast clouds,http://openweathermap.org/img/wn/04d@2x.png,20.17,30.51,46,11,N,0,0,1031,96,1646326800,-18000
108,Michigan,Grand Rapids,3,Fri 3/4,Clouds,overcast clouds,http://openweathermap.org/img/wn/04d@2x.png,23.72,39.34,30,7,E,0,0,1030,90,1646413200,-18000
109,Michigan,Grand Rapids,4,Sat 3/5,Clouds,broken clouds,http://openweathermap.org/img/wn/04d@2x.png,32.49,56.12,71,18,S,0,0,1013,81,1646499600,-18000
110,Michigan,Grand Rapids,5,Sun 3/6,Rain,light rain,http://openweathermap.org/img/wn/10d@2x.png,33.96,59.04,72,30,SW,2.83,0,1011,87,1646586000,-18000
111,Michigan,Marquette,1,Wed 3/2,Snow,light snow,http://openweathermap.org/img/wn/13d@2x.png,1.98,23.99,89,12,NW,0,1.01,1018,100,1646244000,-18000
112,Michigan,Marquette,2,Thu 3/3,Clouds,scattered clouds,http://openweathermap.org/img/wn/03d@2x.png,-5.85,18,76,9,NW,0,0,1032,42,1646330400,-18000
113,Michigan,Marquette,3,Fri 3/4,Clouds,overcast clouds,http://openweathermap.org/img/wn/04d@2x.png,4.91,26.83,74,8,W,0,0,1029,100,1646416800,-18000
114,Michigan,Marquette,4,Sat 3/5,Snow,snow,http://openweathermap.org/img/wn/13d@2x.png,19.85,27.88,97,10,E,0,29.14,1016,100,1646503200,-18000
115,Michigan,Marquette,5,Sun 3/6,Snow,snow,http://openweathermap.org/img/wn/13d@2x.png,12.33,30.88,91,15,NW,0,9.74,1007,99,1646589600,-18000
116,Minnesota,Duluth,1,Wed 3/2,Snow,light snow,http://openweathermap.org/img/wn/13d@2x.png,2.32,23.41,74,12,NW,0,0.12,1023,100,1646244000,-21600
117,Minnesota,Duluth,2,Thu 3/3,Clouds,few clouds,http://openweathermap.org/img/wn/02d@2x.png,-7.15,19.87,66,6,W,0,0,1034,16,1646330400,-21600
118,Minnesota,Duluth,3,Fri 3/4,Snow,snow,http://openweathermap.org/img/wn/13d@2x.png,5.23,22.17,77,12,NE,0,1.74,1028,100,1646416800,-21600
119,Minnesota,Duluth,4,Sat 3/5,Snow,snow,http://openweathermap.org/img/wn/13d@2x.png,20.86,25.84,95,18,NE,0,12.04,1012,100,1646503200,-21600
120,Minnesota,Duluth,5,Sun 3/6,Snow,snow,http://openweathermap.org/img/wn/13d@2x.png,13.39,29.73,88,15,NE,0,11.83,1015,94,1646589600,-21600
121,Minnesota,Chanhassen/Twin Cities,1,Wed 3/2,Snow,light snow,http://openweathermap.org/img/wn/13d@2x.png,17.69,28.98,92,12,NW,0,1,1022,100,1646244000,-21600
122,Minnesota,Chanhassen/Twin Cities,2,Thu 3/3,Clouds,overcast clouds,http://openweathermap.org/img/wn/04d@2x.png,10.4,21.72,73,7,N,0,0,1035,100,1646330400,-21600
123,Minnesota,Chanhassen/Twin Cities,3,Fri 3/4,Snow,light snow,http://openweathermap.org/img/wn/13d@2x.png,20.17,32.97,82,14,E,0,0.41,1022,100,1646416800,-21600
124,Minnesota,Chanhassen/Twin Cities,4,Sat 3/5,Snow,rain and snow,http://openweathermap.org/img/wn/13d@2x.png,31.87,36.73,100,11,E,25.63,1.02,1006,100,1646503200,-21600
125,Minnesota,Chanhassen/Twin Cities,5,Sun 3/6,Snow,rain and snow,http://openweathermap.org/img/wn/13d@2x.png,25.43,33.66,82,18,NW,0.11,1.48,1018,99,1646589600,-21600
126,Missouri,Kansas City/Pleasant Hill,1,Wed 3/2,Clear,sky is clear,http://openweathermap.org/img/wn/01d@2x.png,48.49,79.21,18,16,SW,0,0,1016,2,1646244000,-21600
127,Missouri,Kansas City/Pleasant Hill,2,Thu 3/3,Clear,sky is clear,http://openweathermap.org/img/wn/01d@2x.png,40.37,61.3,47,15,NE,0,0,1024,4,1646330400,-21600
128,Missouri,Kansas City/Pleasant Hill,3,Fri 3/4,Clouds,overcast clouds,http://openweathermap.org/img/wn/04d@2x.png,43.32,69.69,41,20,S,0,0,1016,100,1646416800,-21600
129,Missouri,Kansas City/Pleasant Hill,4,Sat 3/5,Rain,light rain,http://openweathermap.org/img/wn/10d@2x.png,59.09,67.32,69,27,S,0.77,0,1006,99,1646503200,-21600
130,Missouri,Kansas City/Pleasant Hill,5,Sun 3/6,Rain,heavy intensity rain,http://openweathermap.org/img/wn/10d@2x.png,37.45,53.92,37,19,W,19.71,0,1019,76,1646589600,-21600
131,Missouri,Springfield,1,Wed 3/2,Clear,sky is clear,http://openweathermap.org/img/wn/01d@2x.png,45.68,69.82,36,14,SW,0,0,1019,3,1646244000,-21600
132,Missouri,Springfield,2,Thu 3/3,Clear,sky is clear,http://openweathermap.org/img/wn/01d@2x.png,46.47,67.17,43,14,SE,0,0,1022,0,1646330400,-21600
133,Missouri,Springfield,3,Fri 3/4,Clouds,overcast clouds,http://openweathermap.org/img/wn/04d@2x.png,46.54,65.53,56,16,SE,0,0,1020,98,1646416800,-21600
134,Missouri,Springfield,4,Sat 3/5,Rain,light rain,http://openweathermap.org/img/wn/10d@2x.png,52.95,65.23,68,23,S,0.13,0,1010,31,1646503200,-21600
135,Missouri,Springfield,5,Sun 3/6,Rain,moderate rain,http://openweathermap.org/img/wn/10d@2x.png,49.42,61.45,61,17,S,18.64,0,1017,96,1646589600,-21600
136,Missouri,St. Louis,1,Wed 3/2,Clear,sky is clear,http://openweathermap.org/img/wn/01d@2x.png,43.52,73.99,35,13,SW,0,0,1017,9,1646244000,-21600
137,Missouri,St. Louis,2,Thu 3/3,Clear,sky is clear,http://openweathermap.org/img/wn/01d@2x.png,40.17,53.8,54,12,N,0,0,1027,6,1646330400,-21600
138,Missouri,St. Louis,3,Fri 3/4,Clouds,overcast clouds,http://openweathermap.org/img/wn/04d@2x.png,38.41,62.91,58,12,SE,0,0,1023,100,1646416800,-21600
139,Missouri,St. Louis,4,Sat 3/5,Rain,light rain,http://openweathermap.org/img/wn/10d@2x.png,54.9,72.14,50,20,S,0.31,0,1011,77,1646503200,-21600
140,Missouri,St. Louis,5,Sun 3/6,Rain,moderate rain,http://openweathermap.org/img/wn/10d@2x.png,48.33,66.47,40,20,S,11.72,0,1018,19,1646589600,-21600
141,Nebraska,Hastings,1,Wed 3/2,Clouds,few clouds,http://openweathermap.org/img/wn/02d@2x.png,40.15,74.41,24,13,NE,0,0,1016,14,1646244000,-21600
142,Nebraska,Hastings,2,Thu 3/3,Clear,sky is clear,http://openweathermap.org/img/wn/01d@2x.png,34.23,56.91,48,15,NE,0,0,1024,4,1646330400,-21600
143,Nebraska,Hastings,3,Fri 3/4,Clouds,overcast clouds,http://openweathermap.org/img/wn/04d@2x.png,42.39,77.31,38,23,S,0,0,1005,99,1646416800,-21600
144,Nebraska,Hastings,4,Sat 3/5,Rain,light rain,http://openweathermap.org/img/wn/10d@2x.png,33.53,68.36,27,23,NW,2.38,0,994,50,1646503200,-21600
145,Nebraska,Hastings,5,Sun 3/6,Clouds,few clouds,http://openweathermap.org/img/wn/02d@2x.png,27.43,42.58,46,18,W,0,0,1022,21,1646589600,-21600
146,Nebraska,North Platte,1,Wed 3/2,Clouds,few clouds,http://openweathermap.org/img/wn/02d@2x.png,30.06,72.5,27,12,E,0,0,1017,23,1646244000,-21600
147,Nebraska,North Platte,2,Thu 3/3,Clear,sky is clear,http://openweathermap.org/img/wn/01d@2x.png,34.12,60.57,47,16,E,0,0,1020,6,1646330400,-21600
148,Nebraska,North Platte,3,Fri 3/4,Clouds,broken clouds,http://openweathermap.org/img/wn/04d@2x.png,40.78,72.77,23,16,E,0,0,1003,80,1646416800,-21600
149,Nebraska,North Platte,4,Sat 3/5,Snow,snow,http://openweathermap.org/img/wn/13d@2x.png,29.01,48.7,85,21,N,0,3.47,1003,100,1646503200,-21600
150,Nebraska,North Platte,5,Sun 3/6,Snow,light snow,http://openweathermap.org/img/wn/13d@2x.png,21.42,31.32,67,16,NW,0,0.28,1024,51,1646589600,-21600
151,Nebraska,Omaha/Valley,1,Wed 3/2,Clouds,few clouds,http://openweathermap.org/img/wn/02d@2x.png,35.29,73.44,29,16,NE,0,0,1016,23,1646244000,-21600
152,Nebraska,Omaha/Valley,2,Thu 3/3,Clouds,few clouds,http://openweathermap.org/img/wn/02d@2x.png,31.69,51.46,49,14,E,0,0,1027,15,1646330400,-21600
153,Nebraska,Omaha/Valley,3,Fri 3/4,Rain,light rain,http://openweathermap.org/img/wn/10d@2x.png,38.05,68.36,49,21,SE,1.49,0,1010,98,1646416800,-21600
154,Nebraska,Omaha/Valley,4,Sat 3/5,Rain,light rain,http://openweathermap.org/img/wn/10d@2x.png,37.67,70.5,86,22,S,7.45,0,998,88,1646503200,-21600
155,Nebraska,Omaha/Valley,5,Sun 3/6,Clouds,broken clouds,http://openweathermap.org/img/wn/04d@2x.png,29.37,41.85,50,20,W,0,0,1022,52,1646589600,-21600
156,North Dakota,Bismarck,1,Wed 3/2,Clouds,overcast clouds,http://openweathermap.org/img/wn/04d@2x.png,17.91,36.75,71,11,N,0,0,1027,100,1646244000,-21600
157,North Dakota,Bismarck,2,Thu 3/3,Clouds,overcast clouds,http://openweathermap.org/img/wn/04d@2x.png,15.55,25.14,49,12,E,0,0,1030,100,1646330400,-21600
158,North Dakota,Bismarck,3,Fri 3/4,Snow,light snow,http://openweathermap.org/img/wn/13d@2x.png,21.13,32.45,66,13,E,0,0.12,1015,100,1646416800,-21600
159,North Dakota,Bismarck,4,Sat 3/5,Snow,light snow,http://openweathermap.org/img/wn/13d@2x.png,21.65,26.49,79,17,NW,0,1.54,1016,100,1646503200,-21600
160,North Dakota,Bismarck,5,Sun 3/6,Clouds,overcast clouds,http://openweathermap.org/img/wn/04d@2x.png,14.67,28.09,64,15,NW,0,0,1027,96,1646589600,-21600
161,North Dakota,Grand Forks,1,Wed 3/2,Snow,light snow,http://openweathermap.org/img/wn/13d@2x.png,-12.33,16.92,86,14,N,0,0.87,1030,94,1646244000,-21600
162,North Dakota,Grand Forks,2,Thu 3/3,Clouds,overcast clouds,http://openweathermap.org/img/wn/04d@2x.png,-22.4,10.45,78,5,SE,0,0,1036,96,1646330400,-21600
163,North Dakota,Grand Forks,3,Fri 3/4,Snow,light snow,http://openweathermap.org/img/wn/13d@2x.png,10.58,28.78,89,13,NE,0,2.2,1022,100,1646416800,-21600
164,North Dakota,Grand Forks,4,Sat 3/5,Snow,light snow,http://openweathermap.org/img/wn/13d@2x.png,23.43,29.17,92,19,NW,0,2.67,1015,100,1646503200,-21600
165,North Dakota,Grand Forks,5,Sun 3/6,Snow,light snow,http://openweathermap.org/img/wn/13d@2x.png,3.07,23.52,85,19,NW,0,0.33,1024,73,1646589600,-21600
166,South Dakota,Aberdeen,1,Wed 3/2,Clouds,overcast clouds,http://openweathermap.org/img/wn/04d@2x.png,17.24,32.34,76,15,N,0,0,1026,97,1646244000,-21600
167,South Dakota,Aberdeen,2,Thu 3/3,Clouds,overcast clouds,http://openweathermap.org/img/wn/04d@2x.png,11.26,27.52,41,11,NE,0,0,1033,100,1646330400,-21600
168,South Dakota,Aberdeen,3,Fri 3/4,Clouds,overcast clouds,http://openweathermap.org/img/wn/04d@2x.png,25,39.04,61,15,NE,0,0,1013,100,1646416800,-21600
169,South Dakota,Aberdeen,4,Sat 3/5,Snow,light snow,http://openweathermap.org/img/wn/13d@2x.png,25.45,30.07,87,22,NW,0,2.64,1011,100,1646503200,-21600
170,South Dakota,Aberdeen,5,Sun 3/6,Snow,light snow,http://openweathermap.org/img/wn/13d@2x.png,19.2,25.79,69,20,NW,0,0.34,1026,100,1646589600,-21600
171,South Dakota,Rapid City,1,Wed 3/2,Clouds,overcast clouds,http://openweathermap.org/img/wn/04d@2x.png,35.51,59.77,43,12,E,0,0,1017,100,1646247600,-25200
172,South Dakota,Rapid City,2,Thu 3/3,Clouds,overcast clouds,http://openweathermap.org/img/wn/04d@2x.png,30.06,49.19,65,15,SE,0,0,1019,100,1646334000,-25200
173,South Dakota,Rapid City,3,Fri 3/4,Clouds,broken clouds,http://openweathermap.org/img/wn/04d@2x.png,32.97,47.34,62,14,N,0,0,1007,77,1646420400,-25200
174,South Dakota,Rapid City,4,Sat 3/5,Snow,light snow,http://openweathermap.org/img/wn/13d@2x.png,23.79,31.98,84,25,NW,0,1.75,1014,100,1646506800,-25200
175,South Dakota,Rapid City,5,Sun 3/6,Clouds,overcast clouds,http://openweathermap.org/img/wn/04d@2x.png,20.91,28.31,60,14,NW,0,0,1027,100,1646593200,-25200
176,South Dakota,Sioux Falls,1,Wed 3/2,Clouds,broken clouds,http://openweathermap.org/img/wn/04d@2x.png,26.55,51.57,55,16,N,0,0,1018,55,1646244000,-21600
177,South Dakota,Sioux Falls,2,Thu 3/3,Snow,snow,http://openweathermap.org/img/wn/13d@2x.png,23.58,32.14,62,14,NE,0,2.54,1031,100,1646330400,-21600
178,South Dakota,Sioux Falls,3,Fri 3/4,Clouds,overcast clouds,http://openweathermap.org/img/wn/04d@2x.png,26.44,56.64,70,17,SE,0,0,1012,100,1646416800,-21600
179,South Dakota,Sioux Falls,4,Sat 3/5,Snow,rain and snow,http://openweathermap.org/img/wn/13d@2x.png,28.49,51.78,94,20,NW,24.61,7.59,1003,100,1646503200,-21600
180,South Dakota,Sioux Falls,5,Sun 3/6,Snow,light snow,http://openweathermap.org/img/wn/13d@2x.png,18.45,28.11,84,23,NW,0,1.45,1024,100,1646589600,-21600
181,Wisconsin,Green Bay,1,Wed 3/2,Clouds,overcast clouds,http://openweathermap.org/img/wn/04d@2x.png,20.48,35.28,82,14,N,0,0,1017,100,1646244000,-21600
182,Wisconsin,Green Bay,2,Thu 3/3,Clouds,few clouds,http://openweathermap.org/img/wn/02d@2x.png,14.4,26.33,51,9,N,0,0,1033,16,1646330400,-21600
183,Wisconsin,Green Bay,3,Fri 3/4,Clouds,overcast clouds,http://openweathermap.org/img/wn/04d@2x.png,21.09,35.06,43,9,E,0,0,1029,96,1646416800,-21600
184,Wisconsin,Green Bay,4,Sat 3/5,Rain,moderate rain,http://openweathermap.org/img/wn/10d@2x.png,31.57,39.49,99,14,E,26.94,0,1011,100,1646503200,-21600
185,Wisconsin,Green Bay,5,Sun 3/6,Snow,rain and snow,http://openweathermap.org/img/wn/13d@2x.png,30.09,48.7,82,21,SW,5.01,0.2,1009,100,1646589600,-21600
186,Wisconsin,La Crosse,1,Wed 3/2,Snow,light snow,http://openweathermap.org/img/wn/13d@2x.png,24.39,34.81,93,14,NW,0,0.31,1019,100,1646244000,-21600
187,Wisconsin,La Crosse,2,Thu 3/3,Clouds,overcast clouds,http://openweathermap.org/img/wn/04d@2x.png,20.44,28.56,57,7,N,0,0,1033,95,1646330400,-21600
188,Wisconsin,La Crosse,3,Fri 3/4,Clouds,overcast clouds,http://openweathermap.org/img/wn/04d@2x.png,26.28,40.39,55,14,E,0,0,1025,100,1646416800,-21600
189,Wisconsin,La Crosse,4,Sat 3/5,Rain,moderate rain,http://openweathermap.org/img/wn/10d@2x.png,35.8,53.2,98,14,SE,11.36,0,1006,100,1646503200,-21600
190,Wisconsin,La Crosse,5,Sun 3/6,Snow,rain and snow,http://openweathermap.org/img/wn/13d@2x.png,32,55.99,72,20,W,0.53,0.13,1016,98,1646589600,-21600
191,Wisconsin,Milwaukee/Sullivan,1,Wed 3/2,Rain,light rain,http://openweathermap.org/img/wn/10d@2x.png,26.8,40.8,91,14,NW,0.61,0,1017,85,1646244000,-21600
192,Wisconsin,Milwaukee/Sullivan,2,Thu 3/3,Clouds,overcast clouds,http://openweathermap.org/img/wn/04d@2x.png,23.29,31.8,38,10,N,0,0,1032,90,1646330400,-21600
193,Wisconsin,Milwaukee/Sullivan,3,Fri 3/4,Clouds,overcast clouds,http://openweathermap.org/img/wn/04d@2x.png,26.01,38.71,39,11,E,0,0,1028,100,1646416800,-21600
194,Wisconsin,Milwaukee/Sullivan,4,Sat 3/5,Rain,light rain,http://openweathermap.org/img/wn/10d@2x.png,34.84,57.85,83,20,S,5.15,0,1009,91,1646503200,-21600
195,Wisconsin,Milwaukee/Sullivan,5,Sun 3/6,Rain,light rain,http://openweathermap.org/img/wn/10d@2x.png,33.58,58.71,77,28,S,3.82,0,1013,100,1646589600,-21600
196,Wyoming,Cheyenne,1,Wed 3/2,Clouds,overcast clouds,http://openweathermap.org/img/wn/04d@2x.png,45.72,61.47,22,17,W,0,0,1016,90,1646247600,-25200
197,Wyoming,Cheyenne,2,Thu 3/3,Clouds,overcast clouds,http://openweathermap.org/img/wn/04d@2x.png,42.93,59.5,24,12,SE,0,0,1013,100,1646334000,-25200
198,Wyoming,Cheyenne,3,Fri 3/4,Rain,light rain,http://openweathermap.org/img/wn/10d@2x.png,40.05,58.03,22,15,SW,1.83,0,1003,97,1646420400,-25200
199,Wyoming,Cheyenne,4,Sat 3/5,Snow,snow,http://openweathermap.org/img/wn/13d@2x.png,18.01,35.58,88,23,N,0,13.79,1010,100,1646506800,-25200
200,Wyoming,Cheyenne,5,Sun 3/6,Snow,light snow,http://openweathermap.org/img/wn/13d@2x.png,15.42,22.03,84,14,NW,0,1.84,1024,100,1646593200,-25200
201,Wyoming,Riverton,1,Wed 3/2,Clouds,broken clouds,http://openweathermap.org/img/wn/04d@2x.png,35.87,58.69,39,8,S,0,0,1018,74,1646247600,-25200
202,Wyoming,Riverton,2,Thu 3/3,Clouds,overcast clouds,http://openweathermap.org/img/wn/04d@2x.png,37.65,57.25,32,13,S,0,0,1012,100,1646334000,-25200
203,Wyoming,Riverton,3,Fri 3/4,Rain,light rain,http://openweathermap.org/img/wn/10d@2x.png,36.09,52.03,35,15,NE,1.08,0,1004,100,1646420400,-25200
204,Wyoming,Riverton,4,Sat 3/5,Snow,snow,http://openweathermap.org/img/wn/13d@2x.png,24.22,31.37,79,13,N,0,7.32,1016,100,1646506800,-25200
205,Wyoming,Riverton,5,Sun 3/6,Snow,light snow,http://openweathermap.org/img/wn/13d@2x.png,19.89,27.57,80,11,N,0,1.46,1025,100,1646593200,-25200
206,Maine,Caribou,1,Wed 3/2,Snow,snow,http://openweathermap.org/img/wn/13d@2x.png,5.79,25.18,79,12,W,0,3.53,1009,82,1646236800,-18000
207,Maine,Caribou,2,Thu 3/3,Snow,light snow,http://openweathermap.org/img/wn/13d@2x.png,-7.53,15.46,71,16,NW,0,0.26,1012,88,1646323200,-18000
208,Maine,Caribou,3,Fri 3/4,Snow,light snow,http://openweathermap.org/img/wn/13d@2x.png,-14.6,15.6,76,13,SW,0,0.13,1026,49,1646409600,-18000
209,Maine,Caribou,4,Sat 3/5,Clouds,few clouds,http://openweathermap.org/img/wn/02d@2x.png,-3.5,23.81,74,12,W,0,0,1028,21,1646496000,-18000
210,Maine,Caribou,5,Sun 3/6,Snow,rain and snow,http://openweathermap.org/img/wn/13d@2x.png,7.83,33.76,96,14,SE,3.53,16.2,1019,100,1646582400,-18000
211,Maine,Gray/Portland,1,Wed 3/2,Snow,snow,http://openweathermap.org/img/wn/13d@2x.png,24.71,34.84,65,8,NW,0,0.65,1013,8,1646236800,-18000
212,Maine,Gray/Portland,2,Thu 3/3,Snow,snow,http://openweathermap.org/img/wn/13d@2x.png,10.11,32.2,64,15,W,0,5.43,1010,99,1646323200,-18000
213,Maine,Gray/Portland,3,Fri 3/4,Clear,sky is clear,http://openweathermap.org/img/wn/01d@2x.png,7.77,25.84,56,7,NW,0,0,1031,8,1646409600,-18000
214,Maine,Gray/Portland,4,Sat 3/5,Clouds,scattered clouds,http://openweathermap.org/img/wn/03d@2x.png,13.23,33.1,62,4,W,0,0,1031,42,1646496000,-18000
215,Maine,Gray/Portland,5,Sun 3/6,Snow,rain and snow,http://openweathermap.org/img/wn/13d@2x.png,29.59,52.61,100,17,SW,3.1,3.2,1015,100,1646582400,-18000
216,Massachusetts,Boston,1,Wed 3/2,Rain,moderate rain,http://openweathermap.org/img/wn/10d@2x.png,27.7,41.76,63,11,SW,1.41,0,1014,20,1646236800,-18000
217,Massachusetts,Boston,2,Thu 3/3,Rain,moderate rain,http://openweathermap.org/img/wn/10d@2x.png,18.9,38.59,62,16,W,3.01,0,1013,6,1646323200,-18000
218,Massachusetts,Boston,3,Fri 3/4,Clear,sky is clear,http://openweathermap.org/img/wn/01d@2x.png,16.52,33.94,32,10,SW,0,0,1033,0,1646409600,-18000
219,Massachusetts,Boston,4,Sat 3/5,Rain,light rain,http://openweathermap.org/img/wn/10d@2x.png,24.53,41.65,41,7,SW,0.13,0,1033,91,1646496000,-18000
220,Massachusetts,Boston,5,Sun 3/6,Rain,light rain,http://openweathermap.org/img/wn/10d@2x.png,35.64,56.55,97,16,S,1.73,0,1017,100,1646582400,-18000
221,New Jersey,Mount Holly/Philadelphia,1,Wed 3/2,Rain,light rain,http://openweathermap.org/img/wn/10d@2x.png,35.24,51.84,41,9,W,0.11,0,1017,62,1646240400,-18000
222,New Jersey,Mount Holly/Philadelphia,2,Thu 3/3,Rain,light rain,http://openweathermap.org/img/wn/10d@2x.png,25.79,47.62,30,14,W,0.51,0,1021,100,1646326800,-18000
223,New Jersey,Mount Holly/Philadelphia,3,Fri 3/4,Clouds,scattered clouds,http://openweathermap.org/img/wn/03d@2x.png,22.96,40.23,19,9,N,0,0,1032,29,1646413200,-18000
224,New Jersey,Mount Holly/Philadelphia,4,Sat 3/5,Clouds,overcast clouds,http://openweathermap.org/img/wn/04d@2x.png,31.53,50.99,51,9,S,0,0,1030,100,1646499600,-18000
225,New Jersey,Mount Holly/Philadelphia,5,Sun 3/6,Clouds,overcast clouds,http://openweathermap.org/img/wn/04d@2x.png,44.13,69.67,65,19,S,0,0,1017,100,1646586000,-18000
226,New York,Albany,1,Wed 3/2,Clouds,scattered clouds,http://openweathermap.org/img/wn/03d@2x.png,28.31,36.46,63,11,W,0,0,1017,47,1646240400,-18000
227,New York,Albany,2,Thu 3/3,Snow,snow,http://openweathermap.org/img/wn/13d@2x.png,14.05,31.57,58,17,W,0,2.25,1020,45,1646326800,-18000
228,New York,Albany,3,Fri 3/4,Clouds,broken clouds,http://openweathermap.org/img/wn/04d@2x.png,11.79,30.24,47,9,W,0,0,1031,61,1646413200,-18000
229,New York,Albany,4,Sat 3/5,Rain,light rain,http://openweathermap.org/img/wn/10d@2x.png,20.59,37.44,51,4,E,0.14,0,1031,100,1646499600,-18000
230,New York,Albany,5,Sun 3/6,Rain,light rain,http://openweathermap.org/img/wn/10d@2x.png,35.15,60.01,88,15,SW,1.48,0,1010,100,1646586000,-18000
231,New York,Binghamton,1,Wed 3/2,Snow,snow,http://openweathermap.org/img/wn/13d@2x.png,29.66,39.49,62,9,W,0,1.96,1018,85,1646240400,-18000
232,New York,Binghamton,2,Thu 3/3,Snow,snow,http://openweathermap.org/img/wn/13d@2x.png,13.66,34.57,60,16,W,0,1.66,1023,100,1646326800,-18000
233,New York,Binghamton,3,Fri 3/4,Clouds,scattered clouds,http://openweathermap.org/img/wn/03d@2x.png,12.79,32.94,37,9,W,0,0,1031,38,1646413200,-18000
234,New York,Binghamton,4,Sat 3/5,Clouds,overcast clouds,http://openweathermap.org/img/wn/04d@2x.png,24.75,44.37,50,9,SE,0,0,1028,100,1646499600,-18000
235,New York,Binghamton,5,Sun 3/6,Rain,light rain,http://openweathermap.org/img/wn/10d@2x.png,38.98,59.76,84,19,S,0.54,0,1011,100,1646586000,-18000
236,New York,Buffalo,1,Wed 3/2,Snow,snow,http://openweathermap.org/img/wn/13d@2x.png,26.82,34.63,61,12,SW,0,3.31,1018,54,1646240400,-18000
237,New York,Buffalo,2,Thu 3/3,Snow,light snow,http://openweathermap.org/img/wn/13d@2x.png,16.75,29.89,56,15,W,0,0.47,1028,70,1646326800,-18000
238,New York,Buffalo,3,Fri 3/4,Clouds,broken clouds,http://openweathermap.org/img/wn/04d@2x.png,14.88,28.99,54,12,SW,0,0,1031,52,1646413200,-18000
239,New York,Buffalo,4,Sat 3/5,Clouds,overcast clouds,http://openweathermap.org/img/wn/04d@2x.png,25.45,49.62,56,15,S,0,0,1024,100,1646499600,-18000
240,New York,Buffalo,5,Sun 3/6,Rain,light rain,http://openweathermap.org/img/wn/10d@2x.png,44.17,63.27,69,26,SW,2.88,0,1005,56,1646586000,-18000
241,New York,New York/Upton,1,Wed 3/2,Rain,light rain,http://openweathermap.org/img/wn/10d@2x.png,37.53,43.47,62,14,S,0.91,0,1017,23,1646240400,-18000
242,New York,New York/Upton,2,Thu 3/3,Rain,moderate rain,http://openweathermap.org/img/wn/10d@2x.png,23.63,42.48,45,22,W,2.6,0,1018,18,1646326800,-18000
243,New York,New York/Upton,3,Fri 3/4,Clear,sky is clear,http://openweathermap.org/img/wn/01d@2x.png,21.47,34.38,43,18,NW,0,0,1032,9,1646413200,-18000
244,New York,New York/Upton,4,Sat 3/5,Clouds,overcast clouds,http://openweathermap.org/img/wn/04d@2x.png,33.53,42.57,57,9,S,0,0,1032,100,1646499600,-18000
245,New York,New York/Upton,5,Sun 3/6,Rain,light rain,http://openweathermap.org/img/wn/10d@2x.png,43.27,50.59,99,20,S,0.55,0,1017,100,1646586000,-18000
246,North Carolina,Newport/Morehead City,1,Wed 3/2,Clear,sky is clear,http://openweathermap.org/img/wn/01d@2x.png,49.44,68.9,37,12,S,0,0,1019,0,1646240400,-18000
247,North Carolina,Newport/Morehead City,2,Thu 3/3,Clear,sky is clear,http://openweathermap.org/img/wn/01d@2x.png,49.17,72.7,40,16,NE,0,0,1019,0,1646326800,-18000
248,North Carolina,Newport/Morehead City,3,Fri 3/4,Clear,sky is clear,http://openweathermap.org/img/wn/01d@2x.png,45.16,58.8,50,15,N,0,0,1030,0,1646413200,-18000
249,North Carolina,Newport/Morehead City,4,Sat 3/5,Rain,light rain,http://openweathermap.org/img/wn/10d@2x.png,52.05,69.69,71,11,S,1.32,0,1029,100,1646499600,-18000
250,North Carolina,Newport/Morehead City,5,Sun 3/6,Rain,light rain,http://openweathermap.org/img/wn/10d@2x.png,64.92,71.78,67,16,S,0.66,0,1027,92,1646586000,-18000
251,North Carolina,Raleigh,1,Wed 3/2,Clear,sky is clear,http://openweathermap.org/img/wn/01d@2x.png,42.19,71.38,34,10,W,0,0,1018,1,1646240400,-18000
252,North Carolina,Raleigh,2,Thu 3/3,Clear,sky is clear,http://openweathermap.org/img/wn/01d@2x.png,49.82,75.2,33,12,N,0,0,1019,5,1646326800,-18000
253,North Carolina,Raleigh,3,Fri 3/4,Clear,sky is clear,http://openweathermap.org/img/wn/01d@2x.png,39.06,56.77,37,11,NE,0,0,1031,1,1646413200,-18000
254,North Carolina,Raleigh,4,Sat 3/5,Clouds,overcast clouds,http://openweathermap.org/img/wn/04d@2x.png,45.95,72.55,57,11,S,0,0,1028,89,1646499600,-18000
255,North Carolina,Raleigh,5,Sun 3/6,Clouds,overcast clouds,http://openweathermap.org/img/wn/04d@2x.png,58.53,77.36,46,15,S,0,0,1025,90,1646586000,-18000
256,North Carolina,Wilmington,1,Wed 3/2,Clear,sky is clear,http://openweathermap.org/img/wn/01d@2x.png,45.19,71.96,33,10,SW,0,0,1019,0,1646240400,-18000
257,North Carolina,Wilmington,2,Thu 3/3,Clear,sky is clear,http://openweathermap.org/img/wn/01d@2x.png,53.64,75.83,37,16,NE,0,0,1020,0,1646326800,-18000
258,North Carolina,Wilmington,3,Fri 3/4,Clouds,broken clouds,http://openweathermap.org/img/wn/04d@2x.png,46.56,59.04,54,15,NE,0,0,1030,51,1646413200,-18000
259,North Carolina,Wilmington,4,Sat 3/5,Rain,light rain,http://openweathermap.org/img/wn/10d@2x.png,55.24,71.33,65,11,S,0.3,0,1029,98,1646499600,-18000
260,North Carolina,Wilmington,5,Sun 3/6,Clouds,overcast clouds,http://openweathermap.org/img/wn/04d@2x.png,62.28,74.52,55,13,S,0,0,1027,99,1646586000,-18000
261,Ohio,Cleveland,1,Wed 3/2,Snow,rain and snow,http://openweathermap.org/img/wn/13d@2x.png,25.7,40.41,66,15,W,4.22,0.43,1019,25,1646240400,-18000
262,Ohio,Cleveland,2,Thu 3/3,Snow,light snow,http://openweathermap.org/img/wn/13d@2x.png,22.03,33.08,59,15,NW,0,0.11,1029,98,1646326800,-18000
263,Ohio,Cleveland,3,Fri 3/4,Clouds,overcast clouds,http://openweathermap.org/img/wn/04d@2x.png,22.23,34.99,38,5,NE,0,0,1031,85,1646413200,-18000
264,Ohio,Cleveland,4,Sat 3/5,Clouds,overcast clouds,http://openweathermap.org/img/wn/04d@2x.png,31.86,56.66,69,15,S,0,0,1019,99,1646499600,-18000
265,Ohio,Cleveland,5,Sun 3/6,Rain,light rain,http://openweathermap.org/img/wn/10d@2x.png,40.23,62.82,69,26,S,1.59,0,1009,62,1646586000,-18000
266,Ohio,Wilmington,1,Wed 3/2,Clouds,few clouds,http://openweathermap.org/img/wn/02d@2x.png,33.15,57.22,52,13,SW,0,0,1019,13,1646240400,-18000
267,Ohio,Wilmington,2,Thu 3/3,Rain,light rain,http://openweathermap.org/img/wn/10d@2x.png,29.03,46.56,55,12,N,0.12,0,1027,85,1646326800,-18000
268,Ohio,Wilmington,3,Fri 3/4,Clouds,broken clouds,http://openweathermap.org/img/wn/04d@2x.png,26.69,47.59,34,9,NE,0,0,1029,74,1646413200,-18000
269,Ohio,Wilmington,4,Sat 3/5,Clouds,broken clouds,http://openweathermap.org/img/wn/04d@2x.png,38.64,65.52,58,20,S,0,0,1019,77,1646499600,-18000
270,Ohio,Wilmington,5,Sun 3/6,Rain,moderate rain,http://openweathermap.org/img/wn/10d@2x.png,57.88,66.09,80,22,S,11.23,0,1016,98,1646586000,-18000
271,Pennsylvania,Pittsburgh,1,Wed 3/2,Rain,moderate rain,http://openweathermap.org/img/wn/10d@2x.png,30.07,50.11,49,12,SW,2.83,0,1019,19,1646240400,-18000
272,Pennsylvania,Pittsburgh,2,Thu 3/3,Snow,rain and snow,http://openweathermap.org/img/wn/13d@2x.png,23.4,39.99,52,12,W,1.39,0.31,1026,100,1646326800,-18000
273,Pennsylvania,Pittsburgh,3,Fri 3/4,Clouds,broken clouds,http://openweathermap.org/img/wn/04d@2x.png,21.76,42.35,27,4,N,0,0,1031,73,1646413200,-18000
274,Pennsylvania,Pittsburgh,4,Sat 3/5,Clouds,overcast clouds,http://openweathermap.org/img/wn/04d@2x.png,32.16,63.3,64,10,S,0,0,1022,100,1646499600,-18000
275,Pennsylvania,Pittsburgh,5,Sun 3/6,Rain,moderate rain,http://openweathermap.org/img/wn/10d@2x.png,52.66,63.7,81,18,SW,8.47,0,1014,100,1646586000,-18000
276,Pennsylvania,State College,1,Wed 3/2,Rain,light rain,http://openweathermap.org/img/wn/10d@2x.png,30.02,46.17,55,13,SW,1.32,0,1018,19,1646240400,-18000
277,Pennsylvania,State College,2,Thu 3/3,Rain,moderate rain,http://openweathermap.org/img/wn/10d@2x.png,19.74,39.96,44,13,W,2.73,0,1023,84,1646326800,-18000
278,Pennsylvania,State College,3,Fri 3/4,Clouds,broken clouds,http://openweathermap.org/img/wn/04d@2x.png,18.88,40.69,25,8,W,0,0,1031,61,1646413200,-18000
279,Pennsylvania,State College,4,Sat 3/5,Clouds,overcast clouds,http://openweathermap.org/img/wn/04d@2x.png,29.71,43.68,67,5,SE,0,0,1027,100,1646499600,-18000
280,Pennsylvania,State College,5,Sun 3/6,Rain,moderate rain,http://openweathermap.org/img/wn/10d@2x.png,36.57,61.38,79,16,SW,6.31,0,1014,100,1646586000,-18000
281,South Carolina,Charleston,1,Wed 3/2,Clear,sky is clear,http://openweathermap.org/img/wn/01d@2x.png,45.9,76.17,24,5,SW,0,0,1020,0,1646240400,-18000
282,South Carolina,Charleston,2,Thu 3/3,Clear,sky is clear,http://openweathermap.org/img/wn/01d@2x.png,53.76,79.99,27,9,SW,0,0,1021,0,1646326800,-18000
283,South Carolina,Charleston,3,Fri 3/4,Clouds,overcast clouds,http://openweathermap.org/img/wn/04d@2x.png,54.77,64.72,63,12,NE,0,0,1028,91,1646413200,-18000
284,South Carolina,Charleston,4,Sat 3/5,Clouds,few clouds,http://openweathermap.org/img/wn/02d@2x.png,58.69,78.31,42,10,SE,0,0,1027,17,1646499600,-18000
285,South Carolina,Charleston,5,Sun 3/6,Clouds,overcast clouds,http://openweathermap.org/img/wn/04d@2x.png,63.1,77.34,47,10,S,0,0,1027,88,1646586000,-18000
286,South Carolina,Columbia,1,Wed 3/2,Clear,sky is clear,http://openweathermap.org/img/wn/01d@2x.png,38.43,73.69,31,10,SW,0,0,1020,0,1646240400,-18000
287,South Carolina,Columbia,2,Thu 3/3,Clear,sky is clear,http://openweathermap.org/img/wn/01d@2x.png,52.23,78.19,32,12,SW,0,0,1020,0,1646326800,-18000
288,South Carolina,Columbia,3,Fri 3/4,Clear,sky is clear,http://openweathermap.org/img/wn/01d@2x.png,48.38,65.53,47,12,NE,0,0,1029,0,1646413200,-18000
289,South Carolina,Columbia,4,Sat 3/5,Clouds,broken clouds,http://openweathermap.org/img/wn/04d@2x.png,51.69,77.22,45,10,S,0,0,1027,65,1646499600,-18000
290,South Carolina,Columbia,5,Sun 3/6,Clouds,few clouds,http://openweathermap.org/img/wn/02d@2x.png,57.79,79,44,13,S,0,0,1025,13,1646586000,-18000
291,South Carolina,Greenville-Spartanburg,1,Wed 3/2,Clear,sky is clear,http://openweathermap.org/img/wn/01d@2x.png,42.51,71.64,37,10,S,0,0,1019,0,1646240400,-18000
292,South Carolina,Greenville-Spartanburg,2,Thu 3/3,Clear,sky is clear,http://openweathermap.org/img/wn/01d@2x.png,48.87,74.32,38,8,S,0,0,1019,10,1646326800,-18000
293,South Carolina,Greenville-Spartanburg,3,Fri 3/4,Clouds,broken clouds,http://openweathermap.org/img/wn/04d@2x.png,44.62,61.38,56,10,NE,0,0,1029,52,1646413200,-18000
294,South Carolina,Greenville-Spartanburg,4,Sat 3/5,Clouds,overcast clouds,http://openweathermap.org/img/wn/04d@2x.png,47.41,67.39,66,7,SW,0,0,1028,94,1646499600,-18000
295,South Carolina,Greenville-Spartanburg,5,Sun 3/6,Clouds,overcast clouds,http://openweathermap.org/img/wn/04d@2x.png,52.39,71.98,61,12,SW,0,0,1025,99,1646586000,-18000
296,Vermont,Burlington,1,Wed 3/2,Snow,snow,http://openweathermap.org/img/wn/13d@2x.png,12.15,28.98,72,10,N,0,1.32,1016,43,1646240400,-18000
297,Vermont,Burlington,2,Thu 3/3,Snow,light snow,http://openweathermap.org/img/wn/13d@2x.png,5.54,23.79,68,17,NW,0,1.79,1020,93,1646326800,-18000
298,Vermont,Burlington,3,Fri 3/4,Snow,light snow,http://openweathermap.org/img/wn/13d@2x.png,-0.69,26.11,73,11,S,0,0.25,1029,33,1646413200,-18000
299,Vermont,Burlington,4,Sat 3/5,Snow,light snow,http://openweathermap.org/img/wn/13d@2x.png,10.11,30.43,74,6,S,0,0.11,1031,96,1646499600,-18000
300,Vermont,Burlington,5,Sun 3/6,Snow,rain and snow,http://openweathermap.org/img/wn/13d@2x.png,29.5,51.62,97,18,SE,4.51,1.92,1007,100,1646586000,-18000
301,Virginia,Baltimore/Washington,1,Wed 3/2,Clouds,scattered clouds,http://openweathermap.org/img/wn/03d@2x.png,38.14,57.4,58,8,NW,0,0,1018,32,1646240400,-18000
302,Virginia,Baltimore/Washington,2,Thu 3/3,Clouds,broken clouds,http://openweathermap.org/img/wn/04d@2x.png,30.33,49.95,41,15,NW,0,0,1022,51,1646326800,-18000
303,Virginia,Baltimore/Washington,3,Fri 3/4,Clouds,few clouds,http://openweathermap.org/img/wn/02d@2x.png,25.9,46.47,32,10,NW,0,0,1032,14,1646413200,-18000
304,Virginia,Baltimore/Washington,4,Sat 3/5,Clouds,overcast clouds,http://openweathermap.org/img/wn/04d@2x.png,34.99,62.08,60,9,S,0,0,1027,100,1646499600,-18000
305,Virginia,Baltimore/Washington,5,Sun 3/6,Clouds,overcast clouds,http://openweathermap.org/img/wn/04d@2x.png,54.18,71.02,66,15,S,0,0,1019,100,1646586000,-18000
306,Virginia,Blacksburg/Roanoke,1,Wed 3/2,Clear,sky is clear,http://openweathermap.org/img/wn/01d@2x.png,37.89,60.75,48,11,W,0,0,1018,0,1646240400,-18000
307,Virginia,Blacksburg/Roanoke,2,Thu 3/3,Rain,light rain,http://openweathermap.org/img/wn/10d@2x.png,39.09,50.74,83,11,W,0.12,0,1020,89,1646326800,-18000
308,Virginia,Blacksburg/Roanoke,3,Fri 3/4,Clouds,overcast clouds,http://openweathermap.org/img/wn/04d@2x.png,33.08,54.27,58,5,S,0,0,1029,89,1646413200,-18000
309,Virginia,Blacksburg/Roanoke,4,Sat 3/5,Clouds,overcast clouds,http://openweathermap.org/img/wn/04d@2x.png,39.29,63.52,52,10,S,0,0,1026,87,1646499600,-18000
310,Virginia,Blacksburg/Roanoke,5,Sun 3/6,Clouds,broken clouds,http://openweathermap.org/img/wn/04d@2x.png,50.76,71.83,41,12,SW,0,0,1020,83,1646586000,-18000
311,Virginia,Wakefield,1,Wed 3/2,Clear,sky is clear,http://openweathermap.org/img/wn/01d@2x.png,42.08,67.44,46,7,SE,0,0,1018,4,1646240400,-18000
312,Virginia,Wakefield,2,Thu 3/3,Clouds,overcast clouds,http://openweathermap.org/img/wn/04d@2x.png,43.77,64.29,54,10,N,0,0,1019,98,1646326800,-18000
313,Virginia,Wakefield,3,Fri 3/4,Clear,sky is clear,http://openweathermap.org/img/wn/01d@2x.png,32.04,52.11,39,10,N,0,0,1032,7,1646413200,-18000
314,Virginia,Wakefield,4,Sat 3/5,Clouds,overcast clouds,http://openweathermap.org/img/wn/04d@2x.png,38.8,67.89,59,9,S,0,0,1029,97,1646499600,-18000
315,Virginia,Wakefield,5,Sun 3/6,Clouds,broken clouds,http://openweathermap.org/img/wn/04d@2x.png,57.76,75.97,48,17,S,0,0,1023,83,1646586000,-18000
316,West Virginia,Charleston,1,Wed 3/2,Clear,sky is clear,http://openweathermap.org/img/wn/01d@2x.png,38.84,61.7,54,9,SW,0,0,1019,7,1646240400,-18000
317,West Virginia,Charleston,2,Thu 3/3,Rain,light rain,http://openweathermap.org/img/wn/10d@2x.png,33.69,55.83,70,12,SW,0.22,0,1025,100,1646326800,-18000
318,West Virginia,Charleston,3,Fri 3/4,Clouds,scattered clouds,http://openweathermap.org/img/wn/03d@2x.png,30.24,54.91,35,5,N,0,0,1028,28,1646413200,-18000
319,West Virginia,Charleston,4,Sat 3/5,Clouds,overcast clouds,http://openweathermap.org/img/wn/04d@2x.png,43.9,72.59,44,10,S,0,0,1023,97,1646499600,-18000
320,West Virginia,Charleston,5,Sun 3/6,Rain,light rain,http://openweathermap.org/img/wn/10d@2x.png,58.51,67.75,58,12,SW,4.63,0,1019,100,1646586000,-18000
321,Guam,Guam,1,Wed 3/2,Rain,light rain,http://openweathermap.org/img/wn/10d@2x.png,78.3,82.27,77,20,NE,4.62,0,1012,87,1646186400,36000
322,Guam,Guam,2,Thu 3/3,Rain,light rain,http://openweathermap.org/img/wn/10d@2x.png,78.66,81.63,80,17,NE,4.03,0,1012,39,1646272800,36000
323,Guam,Guam,3,Fri 3/4,Rain,light rain,http://openweathermap.org/img/wn/10d@2x.png,78.85,81.37,81,18,NE,3.44,0,1012,83,1646359200,36000
324,Guam,Guam,4,Sat 3/5,Rain,light rain,http://openweathermap.org/img/wn/10d@2x.png,78.85,82.13,77,16,NE,3.62,0,1009,65,1646445600,36000
325,Guam,Guam,5,Sun 3/6,Rain,light rain,http://openweathermap.org/img/wn/10d@2x.png,79.05,81.54,78,13,E,4.34,0,1009,39,1646532000,36000
326,Hawaii,Honolulu,1,Wed 3/2,Clear,sky is clear,http://openweathermap.org/img/wn/01d@2x.png,68.99,75.85,67,8,N,0,0,1017,1,1646258400,-36000
327,Hawaii,Honolulu,2,Thu 3/3,Rain,light rain,http://openweathermap.org/img/wn/10d@2x.png,69.26,74.66,60,8,N,0.71,0,1016,50,1646344800,-36000
328,Hawaii,Honolulu,3,Fri 3/4,Clouds,few clouds,http://openweathermap.org/img/wn/02d@2x.png,69.08,73.38,62,8,N,0,0,1016,16,1646431200,-36000
329,Hawaii,Honolulu,4,Sat 3/5,Clear,sky is clear,http://openweathermap.org/img/wn/01d@2x.png,68.16,73.02,58,10,NE,0,0,1017,0,1646517600,-36000
330,Hawaii,Honolulu,5,Sun 3/6,Clear,sky is clear,http://openweathermap.org/img/wn/01d@2x.png,68.32,73.44,62,7,SE,0,0,1017,6,1646604000,-36000
331,Alabama,Birmingham,1,Wed 3/2,Clear,sky is clear,http://openweathermap.org/img/wn/01d@2x.png,42.53,71.28,41,4,SW,0,0,1023,0,1646240400,-21600
332,Alabama,Birmingham,2,Thu 3/3,Clouds,scattered clouds,http://openweathermap.org/img/wn/03d@2x.png,47.57,70.79,43,5,W,0,0,1023,33,1646326800,-21600
333,Alabama,Birmingham,3,Fri 3/4,Clouds,few clouds,http://openweathermap.org/img/wn/02d@2x.png,49.17,73.18,38,7,SE,0,0,1025,19,1646413200,-21600
334,Alabama,Birmingham,4,Sat 3/5,Clouds,broken clouds,http://openweathermap.org/img/wn/04d@2x.png,50.31,76.69,43,11,SE,0,0,1024,56,1646499600,-21600
335,Alabama,Birmingham,5,Sun 3/6,Clouds,scattered clouds,http://openweathermap.org/img/wn/03d@2x.png,53.76,78.89,53,9,SE,0,0,1022,32,1646586000,-21600
336,Alabama,Huntsville,1,Wed 3/2,Clear,sky is clear,http://openweathermap.org/img/wn/01d@2x.png,41.68,68.45,51,7,SW,0,0,1022,0,1646240400,-21600
337,Alabama,Huntsville,2,Thu 3/3,Clear,sky is clear,http://openweathermap.org/img/wn/01d@2x.png,46.71,68.76,52,7,W,0,0,1023,0,1646326800,-21600
338,Alabama,Huntsville,3,Fri 3/4,Clouds,scattered clouds,http://openweathermap.org/img/wn/03d@2x.png,49.55,69.62,54,9,SE,0,0,1025,46,1646413200,-21600
339,Alabama,Huntsville,4,Sat 3/5,Clouds,broken clouds,http://openweathermap.org/img/wn/04d@2x.png,50.18,71.1,54,15,SE,0,0,1023,73,1646499600,-21600
340,Alabama,Huntsville,5,Sun 3/6,Clear,sky is clear,http://openweathermap.org/img/wn/01d@2x.png,53.73,75.54,52,14,S,0,0,1022,6,1646586000,-21600
341,Alabama,Mobile/Pensacola,1,Wed 3/2,Clouds,broken clouds,http://openweathermap.org/img/wn/04d@2x.png,37.65,74.44,29,6,S,0,0,1023,77,1646244000,-21600
342,Alabama,Mobile/Pensacola,2,Thu 3/3,Clouds,overcast clouds,http://openweathermap.org/img/wn/04d@2x.png,51.12,75.29,34,6,S,0,0,1023,97,1646330400,-21600
343,Alabama,Mobile/Pensacola,3,Fri 3/4,Clouds,scattered clouds,http://openweathermap.org/img/wn/03d@2x.png,51.73,74.43,34,9,SE,0,0,1024,40,1646416800,-21600
344,Alabama,Mobile/Pensacola,4,Sat 3/5,Clouds,few clouds,http://openweathermap.org/img/wn/02d@2x.png,58.21,76.93,52,12,SE,0,0,1023,14,1646503200,-21600
345,Alabama,Mobile/Pensacola,5,Sun 3/6,Clear,sky is clear,http://openweathermap.org/img/wn/01d@2x.png,61.11,78.33,53,12,SE,0,0,1022,4,1646589600,-21600
346,Arkansas,Little Rock,1,Wed 3/2,Clear,sky is clear,http://openweathermap.org/img/wn/01d@2x.png,44.44,73.35,31,7,SW,0,0,1022,0,1646244000,-21600
347,Arkansas,Little Rock,2,Thu 3/3,Clear,sky is clear,http://openweathermap.org/img/wn/01d@2x.png,48.63,73.85,34,5,SW,0,0,1022,0,1646330400,-21600
348,Arkansas,Little Rock,3,Fri 3/4,Clouds,broken clouds,http://openweathermap.org/img/wn/04d@2x.png,50.45,72.37,43,10,S,0,0,1022,84,1646416800,-21600
349,Arkansas,Little Rock,4,Sat 3/5,Rain,light rain,http://openweathermap.org/img/wn/10d@2x.png,53.47,72.09,60,14,S,0.28,0,1016,64,1646503200,-21600
350,Arkansas,Little Rock,5,Sun 3/6,Rain,light rain,http://openweathermap.org/img/wn/10d@2x.png,64.71,76.24,75,16,SE,5.44,0,1016,98,1646589600,-21600
351,Florida,Jacksonville,1,Wed 3/2,Clear,sky is clear,http://openweathermap.org/img/wn/01d@2x.png,46.98,77.31,26,5,NW,0,0,1022,0,1646240400,-18000
352,Florida,Jacksonville,2,Thu 3/3,Clear,sky is clear,http://openweathermap.org/img/wn/01d@2x.png,54.81,80.31,26,3,W,0,0,1023,3,1646326800,-18000
353,Florida,Jacksonville,3,Fri 3/4,Clear,sky is clear,http://openweathermap.org/img/wn/01d@2x.png,56.8,75.96,34,9,NE,0,0,1025,0,1646413200,-18000
354,Florida,Jacksonville,4,Sat 3/5,Clear,sky is clear,http://openweathermap.org/img/wn/01d@2x.png,60.37,78.51,43,11,E,0,0,1026,1,1646499600,-18000
355,Florida,Jacksonville,5,Sun 3/6,Clouds,scattered clouds,http://openweathermap.org/img/wn/03d@2x.png,64.92,80.85,41,12,E,0,0,1024,26,1646586000,-18000
356,Florida,Key West,1,Wed 3/2,Rain,light rain,http://openweathermap.org/img/wn/10d@2x.png,69.3,74.21,78,18,NE,2.21,0,1020,44,1646240400,-18000
357,Florida,Key West,2,Thu 3/3,Rain,light rain,http://openweathermap.org/img/wn/10d@2x.png,73.92,74.91,65,17,NE,1.01,0,1021,0,1646326800,-18000
358,Florida,Key West,3,Fri 3/4,Rain,light rain,http://openweathermap.org/img/wn/10d@2x.png,73.83,74.97,64,24,NE,0.13,0,1021,12,1646413200,-18000
359,Florida,Key West,4,Sat 3/5,Rain,light rain,http://openweathermap.org/img/wn/10d@2x.png,74.8,75.61,74,26,NE,0.73,0,1022,38,1646499600,-18000
360,Florida,Key West,5,Sun 3/6,Rain,light rain,http://openweathermap.org/img/wn/10d@2x.png,75.52,76.3,82,26,E,1.65,0,1021,33,1646586000,-18000
361,Florida,Melbourne,1,Wed 3/2,Clear,sky is clear,http://openweathermap.org/img/wn/01d@2x.png,55.72,72.45,68,12,NW,0,0,1021,1,1646240400,-18000
362,Florida,Melbourne,2,Thu 3/3,Clouds,scattered clouds,http://openweathermap.org/img/wn/03d@2x.png,64.89,73.63,68,8,NE,0,0,1023,36,1646326800,-18000
363,Florida,Melbourne,3,Fri 3/4,Clear,sky is clear,http://openweathermap.org/img/wn/01d@2x.png,66.52,75.16,61,12,NE,0,0,1024,0,1646413200,-18000
364,Florida,Melbourne,4,Sat 3/5,Rain,light rain,http://openweathermap.org/img/wn/10d@2x.png,69.46,75.74,60,17,E,0.23,0,1025,16,1646499600,-18000
365,Florida,Melbourne,5,Sun 3/6,Clouds,overcast clouds,http://openweathermap.org/img/wn/04d@2x.png,71.37,76.66,61,16,E,0,0,1024,85,1646586000,-18000
366,Florida,Miami,1,Wed 3/2,Rain,light rain,http://openweathermap.org/img/wn/10d@2x.png,66.74,78.21,59,12,E,0.94,0,1020,91,1646240400,-18000
367,Florida,Miami,2,Thu 3/3,Rain,light rain,http://openweathermap.org/img/wn/10d@2x.png,71.17,76.77,62,13,E,1.98,0,1021,32,1646326800,-18000
368,Florida,Miami,3,Fri 3/4,Rain,light rain,http://openweathermap.org/img/wn/10d@2x.png,71.37,78.85,55,19,NE,0.51,0,1022,4,1646413200,-18000
369,Florida,Miami,4,Sat 3/5,Clear,sky is clear,http://openweathermap.org/img/wn/01d@2x.png,72.81,79.52,51,21,E,0,0,1023,0,1646499600,-18000
370,Florida,Miami,5,Sun 3/6,Rain,light rain,http://openweathermap.org/img/wn/10d@2x.png,74.17,78.85,57,20,E,0.46,0,1023,88,1646586000,-18000
371,Florida,Tallahassee,1,Wed 3/2,Clear,sky is clear,http://openweathermap.org/img/wn/01d@2x.png,41.49,77.95,25,4,N,0,0,1023,5,1646240400,-18000
372,Florida,Tallahassee,2,Thu 3/3,Clouds,broken clouds,http://openweathermap.org/img/wn/04d@2x.png,50.74,79.86,24,4,SW,0,0,1023,66,1646326800,-18000
373,Florida,Tallahassee,3,Fri 3/4,Clear,sky is clear,http://openweathermap.org/img/wn/01d@2x.png,53.51,81.12,23,5,NE,0,0,1024,1,1646413200,-18000
374,Florida,Tallahassee,4,Sat 3/5,Clear,sky is clear,http://openweathermap.org/img/wn/01d@2x.png,55.9,79.97,38,10,SE,0,0,1025,0,1646499600,-18000
375,Florida,Tallahassee,5,Sun 3/6,Clouds,overcast clouds,http://openweathermap.org/img/wn/04d@2x.png,58.89,80.38,37,10,SE,0,0,1024,93,1646586000,-18000
376,Florida,Tampa,1,Wed 3/2,Clear,sky is clear,http://openweathermap.org/img/wn/01d@2x.png,54,73.49,40,14,NW,0,0,1021,0,1646240400,-18000
377,Florida,Tampa,2,Thu 3/3,Clouds,broken clouds,http://openweathermap.org/img/wn/04d@2x.png,61.29,76.66,55,15,NW,0,0,1022,56,1646326800,-18000
378,Florida,Tampa,3,Fri 3/4,Clear,sky is clear,http://openweathermap.org/img/wn/01d@2x.png,63.43,80.22,42,16,E,0,0,1023,0,1646413200,-18000
379,Florida,Tampa,4,Sat 3/5,Clear,sky is clear,http://openweathermap.org/img/wn/01d@2x.png,63.14,81.09,44,16,E,0,0,1023,0,1646499600,-18000
380,Florida,Tampa,5,Sun 3/6,Clear,sky is clear,http://openweathermap.org/img/wn/01d@2x.png,64.78,81.46,44,15,E,0,0,1022,0,1646586000,-18000
381,Georgia,Peachtree City/Atlanta,1,Wed 3/2,Clear,sky is clear,http://openweathermap.org/img/wn/01d@2x.png,41.34,72.9,32,7,W,0,0,1022,0,1646240400,-18000
382,Georgia,Peachtree City/Atlanta,2,Thu 3/3,Clear,sky is clear,http://openweathermap.org/img/wn/01d@2x.png,48.4,72.7,35,8,W,0,0,1022,5,1646326800,-18000
383,Georgia,Peachtree City/Atlanta,3,Fri 3/4,Clear,sky is clear,http://openweathermap.org/img/wn/01d@2x.png,50.61,71.62,48,9,NE,0,0,1026,1,1646413200,-18000
384,Georgia,Peachtree City/Atlanta,4,Sat 3/5,Clouds,scattered clouds,http://openweathermap.org/img/wn/03d@2x.png,51.66,75.79,48,10,SE,0,0,1026,44,1646499600,-18000
385,Georgia,Peachtree City/Atlanta,5,Sun 3/6,Clouds,few clouds,http://openweathermap.org/img/wn/02d@2x.png,53.89,78.19,48,9,SE,0,0,1024,22,1646586000,-18000
386,Louisiana,Lake Charles,1,Wed 3/2,Clouds,overcast clouds,http://openweathermap.org/img/wn/04d@2x.png,38.62,71.01,38,9,S,0,0,1024,97,1646244000,-21600
387,Louisiana,Lake Charles,2,Thu 3/3,Clouds,overcast clouds,http://openweathermap.org/img/wn/04d@2x.png,52.43,72.34,50,7,S,0,0,1024,100,1646330400,-21600
388,Louisiana,Lake Charles,3,Fri 3/4,Clouds,overcast clouds,http://openweathermap.org/img/wn/04d@2x.png,54.09,73.63,46,11,SE,0,0,1023,88,1646416800,-21600
389,Louisiana,Lake Charles,4,Sat 3/5,Rain,light rain,http://openweathermap.org/img/wn/10d@2x.png,60.98,78.62,73,17,S,0.66,0,1019,22,1646503200,-21600
390,Louisiana,Lake Charles,5,Sun 3/6,Clouds,broken clouds,http://openweathermap.org/img/wn/04d@2x.png,65.23,80.58,56,18,SE,0,0,1017,60,1646589600,-21600
391,Louisiana,New Orleans/Baton Rouge,1,Wed 3/2,Clouds,overcast clouds,http://openweathermap.org/img/wn/04d@2x.png,46.67,67.62,44,6,SE,0,0,1024,95,1646244000,-21600
392,Louisiana,New Orleans/Baton Rouge,2,Thu 3/3,Clouds,overcast clouds,http://openweathermap.org/img/wn/04d@2x.png,53.47,68.27,48,5,S,0,0,1024,100,1646330400,-21600
393,Louisiana,New Orleans/Baton Rouge,3,Fri 3/4,Clouds,few clouds,http://openweathermap.org/img/wn/02d@2x.png,53.69,69.89,44,10,E,0,0,1024,21,1646416800,-21600
394,Louisiana,New Orleans/Baton Rouge,4,Sat 3/5,Rain,light rain,http://openweathermap.org/img/wn/10d@2x.png,60.91,74.75,61,14,SE,0.15,0,1022,10,1646503200,-21600
395,Louisiana,New Orleans/Baton Rouge,5,Sun 3/6,Rain,light rain,http://openweathermap.org/img/wn/10d@2x.png,63.59,73.24,74,14,E,0.64,0,1020,39,1646589600,-21600
396,Louisiana,Shreveport,1,Wed 3/2,Clouds,overcast clouds,http://openweathermap.org/img/wn/04d@2x.png,38.55,72.27,33,5,S,0,0,1023,91,1646244000,-21600
397,Louisiana,Shreveport,2,Thu 3/3,Clouds,few clouds,http://openweathermap.org/img/wn/02d@2x.png,50.52,73.72,36,5,SE,0,0,1023,17,1646330400,-21600
398,Louisiana,Shreveport,3,Fri 3/4,Clouds,broken clouds,http://openweathermap.org/img/wn/04d@2x.png,53.08,74.5,45,10,SE,0,0,1022,79,1646416800,-21600
399,Louisiana,Shreveport,4,Sat 3/5,Rain,light rain,http://openweathermap.org/img/wn/10d@2x.png,57.51,77.02,56,12,S,0.38,0,1017,96,1646503200,-21600
400,Louisiana,Shreveport,5,Sun 3/6,Rain,light rain,http://openweathermap.org/img/wn/10d@2x.png,66.13,79.27,76,13,SE,0.23,0,1016,93,1646589600,-21600
401,Mississippi,Jackson,1,Wed 3/2,Clouds,few clouds,http://openweathermap.org/img/wn/02d@2x.png,35.01,71.62,36,5,SW,0,0,1023,23,1646244000,-21600
402,Mississippi,Jackson,2,Thu 3/3,Clouds,scattered clouds,http://openweathermap.org/img/wn/03d@2x.png,50.22,72.99,42,4,SW,0,0,1023,41,1646330400,-21600
403,Mississippi,Jackson,3,Fri 3/4,Clouds,scattered clouds,http://openweathermap.org/img/wn/03d@2x.png,51.76,75.33,41,8,SE,0,0,1023,49,1646416800,-21600
404,Mississippi,Jackson,4,Sat 3/5,Rain,light rain,http://openweathermap.org/img/wn/10d@2x.png,53.98,74.03,72,13,SE,0.15,0,1021,100,1646503200,-21600
405,Mississippi,Jackson,5,Sun 3/6,Clouds,overcast clouds,http://openweathermap.org/img/wn/04d@2x.png,63.52,79.5,67,12,SE,0,0,1020,94,1646589600,-21600
406,New Mexico,Albuquerque,1,Wed 3/2,Clear,sky is clear,http://openweathermap.org/img/wn/01d@2x.png,41.59,66.45,18,6,NW,0,0,1020,0,1646247600,-25200
407,New Mexico,Albuquerque,2,Thu 3/3,Clouds,overcast clouds,http://openweathermap.org/img/wn/04d@2x.png,48.45,65.95,21,13,S,0,0,1017,100,1646334000,-25200
408,New Mexico,Albuquerque,3,Fri 3/4,Clouds,broken clouds,http://openweathermap.org/img/wn/04d@2x.png,44.83,67.01,37,30,S,0,0,1010,54,1646420400,-25200
409,New Mexico,Albuquerque,4,Sat 3/5,Snow,rain and snow,http://openweathermap.org/img/wn/13d@2x.png,39.58,57.97,35,22,SW,0.45,0.15,1011,17,1646506800,-25200
410,New Mexico,Albuquerque,5,Sun 3/6,Rain,light rain,http://openweathermap.org/img/wn/10d@2x.png,36.48,44.46,26,26,SW,0.35,0,1010,78,1646593200,-25200
411,Oklahoma,Norman/Oklahoma City,1,Wed 3/2,Clouds,scattered clouds,http://openweathermap.org/img/wn/03d@2x.png,42.66,73.38,22,11,S,0,0,1021,40,1646244000,-21600
412,Oklahoma,Norman/Oklahoma City,2,Thu 3/3,Clear,sky is clear,http://openweathermap.org/img/wn/01d@2x.png,48.88,74.25,28,13,SE,0,0,1020,2,1646330400,-21600
413,Oklahoma,Norman/Oklahoma City,3,Fri 3/4,Clouds,overcast clouds,http://openweathermap.org/img/wn/04d@2x.png,54.57,68.32,63,25,SE,0,0,1016,99,1646416800,-21600
414,Oklahoma,Norman/Oklahoma City,4,Sat 3/5,Clouds,broken clouds,http://openweathermap.org/img/wn/04d@2x.png,58.12,77.83,30,26,S,0,0,1008,53,1646503200,-21600
415,Oklahoma,Norman/Oklahoma City,5,Sun 3/6,Rain,moderate rain,http://openweathermap.org/img/wn/10d@2x.png,45.3,57.96,85,16,NW,15.56,0,1012,100,1646589600,-21600
416,Oklahoma,Tulsa,1,Wed 3/2,Clear,sky is clear,http://openweathermap.org/img/wn/01d@2x.png,46.13,73.47,26,13,S,0,0,1021,0,1646244000,-21600
417,Oklahoma,Tulsa,2,Thu 3/3,Clear,sky is clear,http://openweathermap.org/img/wn/01d@2x.png,49.35,73.6,38,11,SE,0,0,1021,0,1646330400,-21600
418,Oklahoma,Tulsa,3,Fri 3/4,Clouds,overcast clouds,http://openweathermap.org/img/wn/04d@2x.png,52.39,71.82,58,20,SE,0,0,1017,100,1646416800,-21600
419,Oklahoma,Tulsa,4,Sat 3/5,Clouds,overcast clouds,http://openweathermap.org/img/wn/04d@2x.png,60.21,75.67,71,24,S,0,0,1009,91,1646503200,-21600
420,Oklahoma,Tulsa,5,Sun 3/6,Rain,moderate rain,http://openweathermap.org/img/wn/10d@2x.png,45.28,62.51,62,14,NW,15.09,0,1015,100,1646589600,-21600
421,Puerto Rico,San Juan,1,Wed 3/2,Clear,sky is clear,http://openweathermap.org/img/wn/01d@2x.png,72.81,83.34,69,15,NE,0,0,1016,9,1646236800,-14400
422,Puerto Rico,San Juan,2,Thu 3/3,Rain,light rain,http://openweathermap.org/img/wn/10d@2x.png,73.89,82.18,66,14,NE,1.1,0,1017,62,1646323200,-14400
423,Puerto Rico,San Juan,3,Fri 3/4,Rain,light rain,http://openweathermap.org/img/wn/10d@2x.png,73.65,82.53,63,15,E,0.36,0,1018,9,1646409600,-14400
424,Puerto Rico,San Juan,4,Sat 3/5,Rain,light rain,http://openweathermap.org/img/wn/10d@2x.png,73.83,81.57,62,15,NE,5.16,0,1018,6,1646496000,-14400
425,Puerto Rico,San Juan,5,Sun 3/6,Rain,light rain,http://openweathermap.org/img/wn/10d@2x.png,73.74,79.38,72,16,NE,5.92,0,1019,9,1646582400,-14400
426,Tennessee,Memphis,1,Wed 3/2,Clear,sky is clear,http://openweathermap.org/img/wn/01d@2x.png,44.73,69.26,44,10,SW,0,0,1022,0,1646244000,-21600
427,Tennessee,Memphis,2,Thu 3/3,Clear,sky is clear,http://openweathermap.org/img/wn/01d@2x.png,48.87,69.66,45,8,S,0,0,1023,0,1646330400,-21600
428,Tennessee,Memphis,3,Fri 3/4,Clouds,overcast clouds,http://openweathermap.org/img/wn/04d@2x.png,50.18,71.31,50,9,S,0,0,1024,99,1646416800,-21600
429,Tennessee,Memphis,4,Sat 3/5,Rain,light rain,http://openweathermap.org/img/wn/10d@2x.png,54.43,70.03,69,16,S,0.27,0,1019,83,1646503200,-21600
430,Tennessee,Memphis,5,Sun 3/6,Rain,light rain,http://openweathermap.org/img/wn/10d@2x.png,62.78,74.48,68,18,S,1.18,0,1018,91,1646589600,-21600
431,Tennessee,Morristown/Knoxville,1,Wed 3/2,Clear,sky is clear,http://openweathermap.org/img/wn/01d@2x.png,41.18,64.44,57,10,SW,0,0,1020,0,1646240400,-18000
432,Tennessee,Morristown/Knoxville,2,Thu 3/3,Clear,sky is clear,http://openweathermap.org/img/wn/01d@2x.png,44.91,65.14,57,9,SW,0,0,1021,0,1646326800,-18000
433,Tennessee,Morristown/Knoxville,3,Fri 3/4,Clear,sky is clear,http://openweathermap.org/img/wn/01d@2x.png,40.06,64.22,62,6,SW,0,0,1026,6,1646413200,-18000
434,Tennessee,Morristown/Knoxville,4,Sat 3/5,Clouds,scattered clouds,http://openweathermap.org/img/wn/03d@2x.png,47.3,71.35,55,7,SW,0,0,1024,36,1646499600,-18000
435,Tennessee,Morristown/Knoxville,5,Sun 3/6,Clear,sky is clear,http://openweathermap.org/img/wn/01d@2x.png,51.94,72.57,50,14,SW,0,0,1021,1,1646586000,-18000
436,Tennessee,Nashville,1,Wed 3/2,Clear,sky is clear,http://openweathermap.org/img/wn/01d@2x.png,45.81,70.38,49,7,SW,0,0,1021,0,1646240400,-21600
437,Tennessee,Nashville,2,Thu 3/3,Clear,sky is clear,http://openweathermap.org/img/wn/01d@2x.png,48.34,65.88,56,13,N,0,0,1022,3,1646326800,-21600
438,Tennessee,Nashville,3,Fri 3/4,Clouds,scattered clouds,http://openweathermap.org/img/wn/03d@2x.png,43.32,68.97,57,7,S,0,0,1025,40,1646413200,-21600
439,Tennessee,Nashville,4,Sat 3/5,Clouds,few clouds,http://openweathermap.org/img/wn/02d@2x.png,55.62,69.08,51,15,S,0,0,1022,13,1646499600,-21600
440,Tennessee,Nashville,5,Sun 3/6,Rain,light rain,http://openweathermap.org/img/wn/10d@2x.png,61.7,73.6,64,16,S,0.13,0,1020,43,1646586000,-21600
441,Texas,Amarillo,1,Wed 3/2,Clouds,broken clouds,http://openweathermap.org/img/wn/04d@2x.png,42.51,73.6,11,10,SE,0,0,1019,59,1646244000,-21600
442,Texas,Amarillo,2,Thu 3/3,Clouds,broken clouds,http://openweathermap.org/img/wn/04d@2x.png,49.23,76.44,13,15,S,0,0,1016,76,1646330400,-21600
443,Texas,Amarillo,3,Fri 3/4,Clouds,overcast clouds,http://openweathermap.org/img/wn/04d@2x.png,55.62,77.49,41,25,SW,0,0,1009,96,1646416800,-21600
444,Texas,Amarillo,4,Sat 3/5,Clear,sky is clear,http://openweathermap.org/img/wn/01d@2x.png,53.1,68.13,19,30,SW,0,0,1007,0,1646503200,-21600
445,Texas,Amarillo,5,Sun 3/6,Rain,light rain,http://openweathermap.org/img/wn/10d@2x.png,36.95,52.02,41,15,NE,0.96,0,1011,34,1646589600,-21600
446,Texas,Austin/San Antonio,1,Wed 3/2,Clouds,few clouds,http://openweathermap.org/img/wn/02d@2x.png,43.66,70.03,36,8,SE,0,0,1023,18,1646244000,-21600
447,Texas,Austin/San Antonio,2,Thu 3/3,Clouds,broken clouds,http://openweathermap.org/img/wn/04d@2x.png,50.94,73.71,61,12,SE,0,0,1022,69,1646330400,-21600
448,Texas,Austin/San Antonio,3,Fri 3/4,Clouds,broken clouds,http://openweathermap.org/img/wn/04d@2x.png,54.37,73.69,64,16,SE,0,0,1019,73,1646416800,-21600
449,Texas,Austin/San Antonio,4,Sat 3/5,Clouds,overcast clouds,http://openweathermap.org/img/wn/04d@2x.png,58.62,79.61,60,17,S,0,0,1014,91,1646503200,-21600
450,Texas,Austin/San Antonio,5,Sun 3/6,Rain,light rain,http://openweathermap.org/img/wn/10d@2x.png,65.89,78.21,58,24,SE,0.25,0,1011,66,1646589600,-21600
451,Texas,Brownsville,1,Wed 3/2,Clouds,scattered clouds,http://openweathermap.org/img/wn/03d@2x.png,52.47,73.15,55,12,E,0,0,1022,35,1646244000,-21600
452,Texas,Brownsville,2,Thu 3/3,Clouds,overcast clouds,http://openweathermap.org/img/wn/04d@2x.png,63.48,76.41,66,13,E,0,0,1021,100,1646330400,-21600
453,Texas,Brownsville,3,Fri 3/4,Clouds,scattered clouds,http://openweathermap.org/img/wn/03d@2x.png,64.58,76.39,58,17,SE,0,0,1019,34,1646416800,-21600
454,Texas,Brownsville,4,Sat 3/5,Clouds,scattered clouds,http://openweathermap.org/img/wn/03d@2x.png,68,80.69,63,24,SE,0,0,1015,39,1646503200,-21600
455,Texas,Brownsville,5,Sun 3/6,Clouds,few clouds,http://openweathermap.org/img/wn/02d@2x.png,70.48,82.36,57,26,SE,0,0,1012,16,1646589600,-21600
456,Texas,Corpus Christi,1,Wed 3/2,Clouds,broken clouds,http://openweathermap.org/img/wn/04d@2x.png,51.73,72.86,51,13,E,0,0,1023,69,1646244000,-21600
457,Texas,Corpus Christi,2,Thu 3/3,Clouds,broken clouds,http://openweathermap.org/img/wn/04d@2x.png,60.35,74.17,59,13,E,0,0,1022,60,1646330400,-21600
458,Texas,Corpus Christi,3,Fri 3/4,Clouds,scattered clouds,http://openweathermap.org/img/wn/03d@2x.png,62.17,77.41,49,18,SE,0,0,1019,29,1646416800,-21600
459,Texas,Corpus Christi,4,Sat 3/5,Clouds,scattered clouds,http://openweathermap.org/img/wn/03d@2x.png,66.33,79.29,62,23,SE,0,0,1015,35,1646503200,-21600
460,Texas,Corpus Christi,5,Sun 3/6,Clouds,overcast clouds,http://openweathermap.org/img/wn/04d@2x.png,69.4,81.61,71,24,SE,0,0,1012,99,1646589600,-21600
461,Texas,El Paso,1,Wed 3/2,Clear,sky is clear,http://openweathermap.org/img/wn/01d@2x.png,47.41,71.38,13,7,E,0,0,1018,8,1646247600,-25200
462,Texas,El Paso,2,Thu 3/3,Clouds,overcast clouds,http://openweathermap.org/img/wn/04d@2x.png,56.32,71.82,22,12,W,0,0,1016,100,1646334000,-25200
463,Texas,El Paso,3,Fri 3/4,Rain,light rain,http://openweathermap.org/img/wn/10d@2x.png,54.16,73.67,21,28,SW,0.14,0,1012,29,1646420400,-25200
464,Texas,El Paso,4,Sat 3/5,Clear,sky is clear,http://openweathermap.org/img/wn/01d@2x.png,44.98,66.65,26,21,SW,0,0,1015,0,1646506800,-25200
465,Texas,El Paso,5,Sun 3/6,Clear,sky is clear,http://openweathermap.org/img/wn/01d@2x.png,45.16,57.56,26,27,W,0,0,1014,0,1646593200,-25200
466,Texas,Fort Worth-Dallas,1,Wed 3/2,Clouds,overcast clouds,http://openweathermap.org/img/wn/04d@2x.png,49.6,72.19,31,9,SE,0,0,1022,86,1646244000,-21600
467,Texas,Fort Worth-Dallas,2,Thu 3/3,Clouds,scattered clouds,http://openweathermap.org/img/wn/03d@2x.png,51.91,73.99,40,10,SE,0,0,1021,35,1646330400,-21600
468,Texas,Fort Worth-Dallas,3,Fri 3/4,Clouds,overcast clouds,http://openweathermap.org/img/wn/04d@2x.png,56.62,69.93,61,16,S,0,0,1018,100,1646416800,-21600
469,Texas,Fort Worth-Dallas,4,Sat 3/5,Clouds,overcast clouds,http://openweathermap.org/img/wn/04d@2x.png,60.57,76.01,68,19,SE,0,0,1013,85,1646503200,-21600
470,Texas,Fort Worth-Dallas,5,Sun 3/6,Rain,light rain,http://openweathermap.org/img/wn/10d@2x.png,64.71,73.26,83,21,SE,1.36,0,1011,100,1646589600,-21600
471,Texas,Houston/Galveston,1,Wed 3/2,Clouds,few clouds,http://openweathermap.org/img/wn/02d@2x.png,46.29,64.8,46,9,SE,0,0,1024,16,1646244000,-21600
472,Texas,Houston/Galveston,2,Thu 3/3,Clouds,overcast clouds,http://openweathermap.org/img/wn/04d@2x.png,56.05,67.41,63,9,E,0,0,1023,89,1646330400,-21600
473,Texas,Houston/Galveston,3,Fri 3/4,Clouds,overcast clouds,http://openweathermap.org/img/wn/04d@2x.png,59.04,67.44,73,12,E,0,0,1022,94,1646416800,-21600
474,Texas,Houston/Galveston,4,Sat 3/5,Rain,light rain,http://openweathermap.org/img/wn/10d@2x.png,61.66,73.2,77,16,SE,0.22,0,1018,45,1646503200,-21600
475,Texas,Houston/Galveston,5,Sun 3/6,Rain,light rain,http://openweathermap.org/img/wn/10d@2x.png,64.51,73.06,79,16,SE,0.17,0,1016,43,1646589600,-21600
476,Texas,Lubbock,1,Wed 3/2,Clouds,few clouds,http://openweathermap.org/img/wn/02d@2x.png,44.98,72.84,14,10,S,0,0,1020,20,1646244000,-21600
477,Texas,Lubbock,2,Thu 3/3,Clouds,overcast clouds,http://openweathermap.org/img/wn/04d@2x.png,48.52,72.95,29,13,S,0,0,1018,94,1646330400,-21600
478,Texas,Lubbock,3,Fri 3/4,Clouds,overcast clouds,http://openweathermap.org/img/wn/04d@2x.png,52.86,76.19,57,18,S,0,0,1013,92,1646416800,-21600
479,Texas,Lubbock,4,Sat 3/5,Rain,light rain,http://openweathermap.org/img/wn/10d@2x.png,54.86,71.92,15,21,S,0.13,0,1011,0,1646503200,-21600
480,Texas,Lubbock,5,Sun 3/6,Rain,light rain,http://openweathermap.org/img/wn/10d@2x.png,50.92,72.25,51,28,SW,0.88,0,1007,86,1646589600,-21600
481,Texas,Midland/Odessa,1,Wed 3/2,Clouds,broken clouds,http://openweathermap.org/img/wn/04d@2x.png,40.46,71.8,18,11,S,0,0,1020,66,1646247600,-21600
482,Texas,Midland/Odessa,2,Thu 3/3,Clouds,overcast clouds,http://openweathermap.org/img/wn/04d@2x.png,51.71,73.67,41,17,SE,0,0,1018,100,1646334000,-21600
483,Texas,Midland/Odessa,3,Fri 3/4,Clouds,overcast clouds,http://openweathermap.org/img/wn/04d@2x.png,55.72,79.61,50,26,SE,0,0,1014,98,1646416800,-21600
484,Texas,Midland/Odessa,4,Sat 3/5,Clear,sky is clear,http://openweathermap.org/img/wn/01d@2x.png,55.81,75.79,12,21,SW,0,0,1013,0,1646503200,-21600
485,Texas,Midland/Odessa,5,Sun 3/6,Clouds,scattered clouds,http://openweathermap.org/img/wn/03d@2x.png,56.91,76.59,18,32,W,0,0,1007,34,1646589600,-21600
486,Texas,San Angelo,1,Wed 3/2,Clouds,overcast clouds,http://openweathermap.org/img/wn/04d@2x.png,35.64,74.12,21,8,S,0,0,1021,100,1646244000,-21600
487,Texas,San Angelo,2,Thu 3/3,Clouds,overcast clouds,http://openweathermap.org/img/wn/04d@2x.png,52.36,76.66,46,15,S,0,0,1020,98,1646330400,-21600
488,Texas,San Angelo,3,Fri 3/4,Clouds,overcast clouds,http://openweathermap.org/img/wn/04d@2x.png,57.88,78.87,52,21,S,0,0,1015,98,1646416800,-21600
489,Texas,San Angelo,4,Sat 3/5,Clouds,scattered clouds,http://openweathermap.org/img/wn/03d@2x.png,60.91,81.81,10,24,SE,0,0,1012,31,1646503200,-21600
490,Texas,San Angelo,5,Sun 3/6,Rain,light rain,http://openweathermap.org/img/wn/10d@2x.png,63.41,85.73,68,26,S,0.13,0,1008,100,1646589600,-21600
491,Arizona,Flagstaff,1,Wed 3/2,Clear,sky is clear,http://openweathermap.org/img/wn/01d@2x.png,27.99,59.85,19,7,E,0,0,1020,0,1646247600,-25200
492,Arizona,Flagstaff,2,Thu 3/3,Clouds,overcast clouds,http://openweathermap.org/img/wn/04d@2x.png,38.28,58.32,21,17,S,0,0,1014,95,1646334000,-25200
493,Arizona,Flagstaff,3,Fri 3/4,Snow,snow,http://openweathermap.org/img/wn/13d@2x.png,28.65,39.2,47,21,SW,0,11.72,1009,4,1646420400,-25200
494,Arizona,Flagstaff,4,Sat 3/5,Snow,snow,http://openweathermap.org/img/wn/13d@2x.png,18.86,31.51,91,21,S,0,12.2,1013,100,1646506800,-25200
495,Arizona,Flagstaff,5,Sun 3/6,Snow,light snow,http://openweathermap.org/img/wn/13d@2x.png,10.47,31.12,72,12,SW,0,1.46,1018,90,1646593200,-25200
496,Arizona,Phoenix,1,Wed 3/2,Clouds,scattered clouds,http://openweathermap.org/img/wn/03d@2x.png,58.87,81.59,14,6,NE,0,0,1017,31,1646247600,-25200
497,Arizona,Phoenix,2,Thu 3/3,Clear,sky is clear,http://openweathermap.org/img/wn/01d@2x.png,65.03,84.81,14,13,SW,0,0,1012,3,1646334000,-25200
498,Arizona,Phoenix,3,Fri 3/4,Clear,sky is clear,http://openweathermap.org/img/wn/01d@2x.png,56.64,67.69,36,22,SW,0,0,1013,0,1646420400,-25200
499,Arizona,Phoenix,4,Sat 3/5,Clear,sky is clear,http://openweathermap.org/img/wn/01d@2x.png,53.06,66.63,39,16,SW,0,0,1015,5,1646506800,-25200
500,Arizona,Phoenix,5,Sun 3/6,Clouds,scattered clouds,http://openweathermap.org/img/wn/03d@2x.png,48.24,60.85,42,10,SW,0,0,1019,28,1646593200,-25200
501,Arizona,Tucson,1,Wed 3/2,Clear,sky is clear,http://openweathermap.org/img/wn/01d@2x.png,55.89,81.03,13,8,NW,0,0,1016,0,1646247600,-25200
502,Arizona,Tucson,2,Thu 3/3,Clouds,broken clouds,http://openweathermap.org/img/wn/04d@2x.png,64.81,82.15,10,20,S,0,0,1013,84,1646334000,-25200
503,Arizona,Tucson,3,Fri 3/4,Clear,sky is clear,http://openweathermap.org/img/wn/01d@2x.png,54.91,66.42,19,26,SW,0,0,1013,0,1646420400,-25200
504,Arizona,Tucson,4,Sat 3/5,Clear,sky is clear,http://openweathermap.org/img/wn/01d@2x.png,50.07,69.04,30,18,SW,0,0,1015,0,1646506800,-25200
505,Arizona,Tucson,5,Sun 3/6,Clouds,few clouds,http://openweathermap.org/img/wn/02d@2x.png,44.89,57.85,38,15,W,0,0,1019,16,1646593200,-25200
506,California,Eureka,1,Wed 3/2,Clouds,overcast clouds,http://openweathermap.org/img/wn/04d@2x.png,51.49,58.5,76,8,SW,0,0,1018,100,1646251200,-28800
507,California,Eureka,2,Thu 3/3,Rain,moderate rain,http://openweathermap.org/img/wn/10d@2x.png,48.58,50.97,92,18,NW,3,0,1014,100,1646337600,-28800
508,California,Eureka,3,Fri 3/4,Rain,light rain,http://openweathermap.org/img/wn/10d@2x.png,41.5,47.23,86,20,NW,3.31,0,1018,100,1646424000,-28800
509,California,Eureka,4,Sat 3/5,Rain,light rain,http://openweathermap.org/img/wn/10d@2x.png,41.09,49.08,75,19,NW,1.39,0,1022,66,1646510400,-28800
510,California,Eureka,5,Sun 3/6,Clear,sky is clear,http://openweathermap.org/img/wn/01d@2x.png,38.7,52.36,55,11,N,0,0,1025,0,1646596800,-28800
511,California,Los Angeles/Oxnard,1,Wed 3/2,Clouds,overcast clouds,http://openweathermap.org/img/wn/04d@2x.png,60.39,68.2,38,7,SW,0,0,1016,100,1646251200,-28800
512,California,Los Angeles/Oxnard,2,Thu 3/3,Rain,moderate rain,http://openweathermap.org/img/wn/10d@2x.png,53.31,62.71,62,18,W,3.55,0,1013,100,1646337600,-28800
513,California,Los Angeles/Oxnard,3,Fri 3/4,Rain,moderate rain,http://openweathermap.org/img/wn/10d@2x.png,52.03,61.25,63,21,SW,7.78,0,1013,12,1646424000,-28800
514,California,Los Angeles/Oxnard,4,Sat 3/5,Clear,sky is clear,http://openweathermap.org/img/wn/01d@2x.png,49.28,59.25,57,28,W,0,0,1016,10,1646510400,-28800
515,California,Los Angeles/Oxnard,5,Sun 3/6,Clear,sky is clear,http://openweathermap.org/img/wn/01d@2x.png,47.61,58.33,48,11,SW,0,0,1019,1,1646596800,-28800
516,California,Sacramento,1,Wed 3/2,Clouds,overcast clouds,http://openweathermap.org/img/wn/04d@2x.png,51.17,70.03,46,5,SE,0,0,1018,100,1646251200,-28800
517,California,Sacramento,2,Thu 3/3,Clouds,overcast clouds,http://openweathermap.org/img/wn/04d@2x.png,49.66,64.81,49,6,SW,0,0,1011,100,1646337600,-28800
518,California,Sacramento,3,Fri 3/4,Rain,light rain,http://openweathermap.org/img/wn/10d@2x.png,42.48,60.06,68,13,SW,0.15,0,1011,97,1646424000,-28800
519,California,Sacramento,4,Sat 3/5,Clouds,overcast clouds,http://openweathermap.org/img/wn/04d@2x.png,37.94,52.97,50,5,NW,0,0,1019,86,1646510400,-28800
520,California,Sacramento,5,Sun 3/6,Clear,sky is clear,http://openweathermap.org/img/wn/01d@2x.png,37.38,59.14,46,6,NW,0,0,1022,2,1646596800,-28800
521,California,San Diego,1,Wed 3/2,Clouds,overcast clouds,http://openweathermap.org/img/wn/04d@2x.png,57.94,77.07,22,7,SW,0,0,1016,100,1646251200,-28800
522,California,San Diego,2,Thu 3/3,Clouds,overcast clouds,http://openweathermap.org/img/wn/04d@2x.png,55.38,67.24,48,14,S,0,0,1014,100,1646337600,-28800
523,California,San Diego,3,Fri 3/4,Rain,moderate rain,http://openweathermap.org/img/wn/10d@2x.png,52.07,56.53,73,18,SW,18.75,0,1014,94,1646424000,-28800
524,California,San Diego,4,Sat 3/5,Rain,light rain,http://openweathermap.org/img/wn/10d@2x.png,50,55.58,66,21,SW,3.97,0,1018,91,1646506800,-28800
525,California,San Diego,5,Sun 3/6,Rain,light rain,http://openweathermap.org/img/wn/10d@2x.png,46.94,53.2,61,10,SW,0.78,0,1021,70,1646593200,-28800
526,California,San Francisco Bay Area/Monterey,1,Wed 3/2,Clouds,overcast clouds,http://openweathermap.org/img/wn/04d@2x.png,50.86,63.12,62,8,W,0,0,1018,99,1646251200,-28800
527,California,San Francisco Bay Area/Monterey,2,Thu 3/3,Rain,moderate rain,http://openweathermap.org/img/wn/10d@2x.png,51.69,58.75,64,9,SW,3.08,0,1011,100,1646337600,-28800
528,California,San Francisco Bay Area/Monterey,3,Fri 3/4,Rain,light rain,http://openweathermap.org/img/wn/10d@2x.png,48.4,51.67,73,22,W,1.44,0,1017,85,1646424000,-28800
529,California,San Francisco Bay Area/Monterey,4,Sat 3/5,Rain,light rain,http://openweathermap.org/img/wn/10d@2x.png,47.26,52.25,58,18,NW,4.71,0,1019,88,1646510400,-28800
530,California,San Francisco Bay Area/Monterey,5,Sun 3/6,Rain,light rain,http://openweathermap.org/img/wn/10d@2x.png,48.18,55.42,51,16,W,0.64,0,1022,5,1646596800,-28800
531,California,San Joaquin Valley/Hanford,1,Wed 3/2,Clouds,overcast clouds,http://openweathermap.org/img/wn/04d@2x.png,45.7,77.25,32,4,NW,0,0,1017,90,1646251200,-28800
532,California,San Joaquin Valley/Hanford,2,Thu 3/3,Rain,light rain,http://openweathermap.org/img/wn/10d@2x.png,53.15,72.68,31,16,SW,0.27,0,1010,100,1646337600,-28800
533,California,San Joaquin Valley/Hanford,3,Fri 3/4,Rain,light rain,http://openweathermap.org/img/wn/10d@2x.png,47.17,56.71,74,17,NW,2.83,0,1014,100,1646424000,-28800
534,California,San Joaquin Valley/Hanford,4,Sat 3/5,Rain,light rain,http://openweathermap.org/img/wn/10d@2x.png,40.46,53.58,55,11,NW,0.64,0,1018,93,1646510400,-28800
535,California,San Joaquin Valley/Hanford,5,Sun 3/6,Clouds,scattered clouds,http://openweathermap.org/img/wn/03d@2x.png,37.56,57.04,43,9,NW,0,0,1022,45,1646596800,-28800
536,Idaho,Boise,1,Wed 3/2,Clouds,overcast clouds,http://openweathermap.org/img/wn/04d@2x.png,39.07,59.18,45,11,SE,0,0,1018,100,1646247600,-25200
537,Idaho,Boise,2,Thu 3/3,Clouds,overcast clouds,http://openweathermap.org/img/wn/04d@2x.png,41.4,58.6,44,7,SE,0,0,1011,100,1646334000,-25200
538,Idaho,Boise,3,Fri 3/4,Clouds,overcast clouds,http://openweathermap.org/img/wn/04d@2x.png,39.04,49.39,72,12,W,0,0,1007,99,1646420400,-25200
539,Idaho,Boise,4,Sat 3/5,Clouds,overcast clouds,http://openweathermap.org/img/wn/04d@2x.png,35.76,47.41,65,13,W,0,0,1011,100,1646506800,-25200
540,Idaho,Boise,5,Sun 3/6,Clouds,few clouds,http://openweathermap.org/img/wn/02d@2x.png,32.92,48.45,57,14,W,0,0,1021,19,1646593200,-25200
541,Idaho,Pocatello,1,Wed 3/2,Clouds,broken clouds,http://openweathermap.org/img/wn/04d@2x.png,27.5,40.21,93,7,E,0,0,1024,68,1646247600,-25200
542,Idaho,Pocatello,2,Thu 3/3,Clouds,overcast clouds,http://openweathermap.org/img/wn/04d@2x.png,31.19,44.44,77,6,E,0,0,1015,100,1646334000,-25200
543,Idaho,Pocatello,3,Fri 3/4,Clouds,overcast clouds,http://openweathermap.org/img/wn/04d@2x.png,33.24,46.11,67,5,E,0,0,1004,100,1646420400,-25200
544,Idaho,Pocatello,4,Sat 3/5,Snow,light snow,http://openweathermap.org/img/wn/13d@2x.png,31.33,36.66,93,6,N,0,0.44,1010,100,1646506800,-25200
545,Idaho,Pocatello,5,Sun 3/6,Snow,light snow,http://openweathermap.org/img/wn/13d@2x.png,27.9,34.36,76,11,NW,0,1.96,1021,99,1646593200,-25200
546,Montana,Billings,1,Wed 3/2,Rain,light rain,http://openweathermap.org/img/wn/10d@2x.png,40.82,51.94,62,10,NW,0.26,0,1017,100,1646247600,-25200
547,Montana,Billings,2,Thu 3/3,Clouds,overcast clouds,http://openweathermap.org/img/wn/04d@2x.png,35.47,59.49,58,5,NE,0,0,1011,100,1646334000,-25200
548,Montana,Billings,3,Fri 3/4,Snow,light snow,http://openweathermap.org/img/wn/13d@2x.png,29.25,42.08,87,11,N,0,1.24,1013,100,1646420400,-25200
549,Montana,Billings,4,Sat 3/5,Snow,snow,http://openweathermap.org/img/wn/13d@2x.png,21.63,27.64,89,8,N,0,7.24,1023,100,1646506800,-25200
550,Montana,Billings,5,Sun 3/6,Clouds,broken clouds,http://openweathermap.org/img/wn/04d@2x.png,14.76,34.27,77,5,SW,0,0,1028,53,1646593200,-25200
551,Montana,Glasgow,1,Wed 3/2,Clouds,overcast clouds,http://openweathermap.org/img/wn/04d@2x.png,24.4,38.77,73,15,E,0,0,1024,100,1646247600,-25200
552,Montana,Glasgow,2,Thu 3/3,Snow,snow,http://openweathermap.org/img/wn/13d@2x.png,23.14,34.3,87,17,NE,0,3.45,1020,100,1646334000,-25200
553,Montana,Glasgow,3,Fri 3/4,Clouds,overcast clouds,http://openweathermap.org/img/wn/04d@2x.png,22.32,30.69,82,10,NW,0,0,1017,100,1646420400,-25200
554,Montana,Glasgow,4,Sat 3/5,Clouds,overcast clouds,http://openweathermap.org/img/wn/04d@2x.png,13.64,22.37,68,16,NW,0,0,1025,98,1646506800,-25200
555,Montana,Glasgow,5,Sun 3/6,Clouds,few clouds,http://openweathermap.org/img/wn/02d@2x.png,11.05,29.05,69,12,W,0,0,1028,17,1646593200,-25200
556,Montana,Great Falls,1,Wed 3/2,Rain,light rain,http://openweathermap.org/img/wn/10d@2x.png,39.36,50.31,72,9,NE,0.24,0,1017,100,1646247600,-25200
557,Montana,Great Falls,2,Thu 3/3,Clouds,overcast clouds,http://openweathermap.org/img/wn/04d@2x.png,35.35,47.08,77,10,NE,0,0,1011,100,1646334000,-25200
558,Montana,Great Falls,3,Fri 3/4,Snow,light snow,http://openweathermap.org/img/wn/13d@2x.png,24.73,33.08,83,11,NW,0,2.99,1019,100,1646420400,-25200
559,Montana,Great Falls,4,Sat 3/5,Snow,light snow,http://openweathermap.org/img/wn/13d@2x.png,21.52,29.46,71,9,NW,0,1.09,1026,100,1646506800,-25200
560,Montana,Great Falls,5,Sun 3/6,Clear,sky is clear,http://openweathermap.org/img/wn/01d@2x.png,20.28,36,62,7,SW,0,0,1027,6,1646593200,-25200
561,Montana,Missoula,1,Wed 3/2,Snow,rain and snow,http://openweathermap.org/img/wn/13d@2x.png,34.72,38.73,99,3,SE,5.54,0.17,1021,100,1646247600,-25200
562,Montana,Missoula,2,Thu 3/3,Clouds,overcast clouds,http://openweathermap.org/img/wn/04d@2x.png,34.11,47.84,86,4,E,0,0,1012,100,1646334000,-25200
563,Montana,Missoula,3,Fri 3/4,Snow,snow,http://openweathermap.org/img/wn/13d@2x.png,29.07,36.82,97,6,NW,0,7.88,1011,100,1646420400,-25200
564,Montana,Missoula,4,Sat 3/5,Snow,light snow,http://openweathermap.org/img/wn/13d@2x.png,24.04,35.64,65,5,N,0,0.38,1020,100,1646506800,-25200
565,Montana,Missoula,5,Sun 3/6,Clouds,few clouds,http://openweathermap.org/img/wn/02d@2x.png,22.03,38.26,60,4,NW,0,0,1026,11,1646593200,-25200
566,Nevada,Elko,1,Wed 3/2,Clouds,broken clouds,http://openweathermap.org/img/wn/04d@2x.png,36.64,60.85,30,4,SW,0,0,1019,61,1646247600,-28800
567,Nevada,Elko,2,Thu 3/3,Clouds,overcast clouds,http://openweathermap.org/img/wn/04d@2x.png,40.82,60.1,27,10,S,0,0,1010,100,1646334000,-28800
568,Nevada,Elko,3,Fri 3/4,Rain,light rain,http://openweathermap.org/img/wn/10d@2x.png,40.23,54.25,27,13,SW,1.26,0,1001,44,1646420400,-28800
569,Nevada,Elko,4,Sat 3/5,Snow,snow,http://openweathermap.org/img/wn/13d@2x.png,30.61,36.36,93,10,NW,0,15.54,1011,100,1646506800,-28800
570,Nevada,Elko,5,Sun 3/6,Snow,light snow,http://openweathermap.org/img/wn/13d@2x.png,28.92,36.37,79,6,NW,0,2.29,1020,99,1646593200,-28800
571,Nevada,Las Vegas,1,Wed 3/2,Clear,sky is clear,http://openweathermap.org/img/wn/01d@2x.png,50.94,74.35,19,4,N,0,0,1019,5,1646247600,-28800
572,Nevada,Las Vegas,2,Thu 3/3,Clouds,broken clouds,http://openweathermap.org/img/wn/04d@2x.png,55.74,77.85,12,21,S,0,0,1010,57,1646334000,-28800
573,Nevada,Las Vegas,3,Fri 3/4,Rain,light rain,http://openweathermap.org/img/wn/10d@2x.png,48.2,56.5,58,18,SW,0.39,0,1010,72,1646420400,-28800
574,Nevada,Las Vegas,4,Sat 3/5,Clear,sky is clear,http://openweathermap.org/img/wn/01d@2x.png,45.73,51.42,25,32,SW,0,0,1010,2,1646506800,-28800
575,Nevada,Las Vegas,5,Sun 3/6,Clouds,few clouds,http://openweathermap.org/img/wn/02d@2x.png,41.76,55.45,47,6,W,0,0,1017,21,1646593200,-28800
576,Nevada,Reno,1,Wed 3/2,Clouds,overcast clouds,http://openweathermap.org/img/wn/04d@2x.png,42.21,63.16,32,8,SW,0,0,1017,100,1646251200,-28800
577,Nevada,Reno,2,Thu 3/3,Clouds,overcast clouds,http://openweathermap.org/img/wn/04d@2x.png,43.7,58.08,23,6,W,0,0,1008,100,1646337600,-28800
578,Nevada,Reno,3,Fri 3/4,Rain,light rain,http://openweathermap.org/img/wn/10d@2x.png,31.59,49.68,48,15,SW,0.43,0,1004,100,1646424000,-28800
579,Nevada,Reno,4,Sat 3/5,Snow,light snow,http://openweathermap.org/img/wn/13d@2x.png,28.76,38.73,60,17,NW,0,0.19,1015,100,1646510400,-28800
580,Nevada,Reno,5,Sun 3/6,Clouds,few clouds,http://openweathermap.org/img/wn/02d@2x.png,30.99,43.25,48,8,N,0,0,1022,16,1646596800,-28800
581,Oregon,Medford,1,Wed 3/2,Clouds,overcast clouds,http://openweathermap.org/img/wn/04d@2x.png,44.13,62.38,60,7,NW,0,0,1016,95,1646251200,-28800
582,Oregon,Medford,2,Thu 3/3,Rain,moderate rain,http://openweathermap.org/img/wn/10d@2x.png,41.77,48.36,95,5,NW,15.74,0,1017,100,1646337600,-28800
583,Oregon,Medford,3,Fri 3/4,Snow,rain and snow,http://openweathermap.org/img/wn/13d@2x.png,36.27,44.47,62,9,NW,0.5,3.05,1014,85,1646424000,-28800
584,Oregon,Medford,4,Sat 3/5,Snow,rain and snow,http://openweathermap.org/img/wn/13d@2x.png,31.17,44.22,68,6,W,0.42,2.14,1022,95,1646510400,-28800
585,Oregon,Medford,5,Sun 3/6,Clear,sky is clear,http://openweathermap.org/img/wn/01d@2x.png,33.94,52.3,49,4,SE,0,0,1026,4,1646596800,-28800
586,Oregon,Pendleton,1,Wed 3/2,Rain,moderate rain,http://openweathermap.org/img/wn/10d@2x.png,46.96,53.65,87,7,NW,4.62,0,1018,100,1646251200,-28800
587,Oregon,Pendleton,2,Thu 3/3,Rain,moderate rain,http://openweathermap.org/img/wn/10d@2x.png,42.26,48.02,85,8,SW,7.33,0,1016,100,1646337600,-28800
588,Oregon,Pendleton,3,Fri 3/4,Snow,rain and snow,http://openweathermap.org/img/wn/13d@2x.png,38.43,43.47,89,6,S,0.49,0.15,1013,100,1646424000,-28800
589,Oregon,Pendleton,4,Sat 3/5,Snow,light snow,http://openweathermap.org/img/wn/13d@2x.png,34.56,46.22,56,10,NW,0,0.31,1019,65,1646510400,-28800
590,Oregon,Pendleton,5,Sun 3/6,Clear,sky is clear,http://openweathermap.org/img/wn/01d@2x.png,34.18,47.95,51,7,W,0,0,1027,8,1646596800,-28800
591,Oregon,Portland,1,Wed 3/2,Rain,moderate rain,http://openweathermap.org/img/wn/10d@2x.png,46.8,53.24,89,5,S,10.98,0,1019,100,1646251200,-28800
592,Oregon,Portland,2,Thu 3/3,Rain,light rain,http://openweathermap.org/img/wn/10d@2x.png,40.62,51.75,67,6,NW,2.38,0,1019,100,1646337600,-28800
593,Oregon,Portland,3,Fri 3/4,Rain,light rain,http://openweathermap.org/img/wn/10d@2x.png,39.18,49.8,57,6,NW,0.15,0,1015,64,1646424000,-28800
594,Oregon,Portland,4,Sat 3/5,Rain,light rain,http://openweathermap.org/img/wn/10d@2x.png,36.52,48.38,71,2,SE,0.13,0,1023,100,1646510400,-28800
595,Oregon,Portland,5,Sun 3/6,Clouds,few clouds,http://openweathermap.org/img/wn/02d@2x.png,34.03,51.91,54,3,W,0,0,1029,14,1646596800,-28800
596,Utah,Salt Lake City,1,Wed 3/2,Clouds,scattered clouds,http://openweathermap.org/img/wn/03d@2x.png,40.28,61.57,39,6,E,0,0,1021,48,1646247600,-25200
597,Utah,Salt Lake City,2,Thu 3/3,Clouds,overcast clouds,http://openweathermap.org/img/wn/04d@2x.png,46.63,64.06,26,8,E,0,0,1011,100,1646334000,-25200
598,Utah,Salt Lake City,3,Fri 3/4,Rain,light rain,http://openweathermap.org/img/wn/10d@2x.png,45.19,59.92,30,10,SE,0.5,0,1002,97,1646420400,-25200
599,Utah,Salt Lake City,4,Sat 3/5,Rain,moderate rain,http://openweathermap.org/img/wn/10d@2x.png,36.7,48.88,55,11,SE,5.57,0,1006,100,1646506800,-25200
600,Utah,Salt Lake City,5,Sun 3/6,Snow,snow,http://openweathermap.org/img/wn/13d@2x.png,34.02,38.03,86,7,NW,0,9.91,1017,100,1646593200,-25200
601,Washington,Seattle,1,Wed 3/2,Rain,light rain,http://openweathermap.org/img/wn/10d@2x.png,44.58,52.52,78,6,SE,1.79,0,1018,100,1646251200,-28800
602,Washington,Seattle,2,Thu 3/3,Rain,light rain,http://openweathermap.org/img/wn/10d@2x.png,40.1,46.49,85,5,SE,2.05,0,1019,100,1646337600,-28800
603,Washington,Seattle,3,Fri 3/4,Rain,light rain,http://openweathermap.org/img/wn/10d@2x.png,38.48,48.34,68,10,NW,0.52,0,1016,87,1646424000,-28800
604,Washington,Seattle,4,Sat 3/5,Clouds,overcast clouds,http://openweathermap.org/img/wn/04d@2x.png,36.37,46.13,65,7,NW,0,0,1023,95,1646510400,-28800
605,Washington,Seattle,5,Sun 3/6,Clear,sky is clear,http://openweathermap.org/img/wn/01d@2x.png,32.27,51.28,50,3,N,0,0,1029,7,1646596800,-28800
606,Washington,Spokane,1,Wed 3/2,Rain,moderate rain,http://openweathermap.org/img/wn/10d@2x.png,41.58,49.35,80,6,S,8.28,0,1017,100,1646251200,-28800
607,Washington,Spokane,2,Thu 3/3,Rain,moderate rain,http://openweathermap.org/img/wn/10d@2x.png,37.11,41.25,96,6,SW,9.74,0,1014,100,1646337600,-28800
608,Washington,Spokane,3,Fri 3/4,Clouds,overcast clouds,http://openweathermap.org/img/wn/04d@2x.png,34.27,43.3,63,10,N,0,0,1012,100,1646424000,-28800
609,Washington,Spokane,4,Sat 3/5,Clear,sky is clear,http://openweathermap.org/img/wn/01d@2x.png,29.79,45.46,42,10,N,0,0,1018,4,1646510400,-28800
610,Washington,Spokane,5,Sun 3/6,Clear,sky is clear,http://openweathermap.org/img/wn/01d@2x.png,29.52,43.83,49,5,N,0,0,1026,7,1646596800,-28800
